/kaggle/config/dataset/train/choco/234.jpg,[1. 0. 0. 0. 0.]
/kaggle/config/dataset/train/choco/42.jpg,[1. 0. 0. 0. 0.]
/kaggle/config/dataset/train/choco/303.jpg,[1. 0. 0. 0. 0.]
/kaggle/config/dataset/train/choco/155.jpg,[1. 0. 0. 0. 0.]
/kaggle/config/dataset/train/choco/342.jpg,[1. 0. 0. 0. 0.]
/kaggle/config/dataset/train/choco/309.jpg,[1. 0. 0. 0. 0.]
/kaggle/config/dataset/train/choco/54.jpg,[1. 0. 0. 0. 0.]
/kaggle/config/dataset/train/choco/287.jpg,[1. 0. 0. 0. 0.]
/kaggle/config/dataset/train/choco/378.jpg,[1. 0. 0. 0. 0.]
/kaggle/config/dataset/train/choco/91.jpg,[1. 0. 0. 0. 0.]
/kaggle/config/dataset/train/choco/173.jpg,[1. 0. 0. 0. 0.]
/kaggle/config/dataset/train/choco/217.jpg,[1. 0. 0. 0. 0.]
/kaggle/config/dataset/train/choco/216.jpg,[1. 0. 0. 0. 0.]
/kaggle/config/dataset/train/choco/33.jpg,[1. 0. 0. 0. 0.]
/kaggle/config/dataset/train/choco/184.jpg,[1. 0. 0. 0. 0.]
/kaggle/config/dataset/train/choco/346.jpg,[1. 0. 0. 0. 0.]
/kaggle/config/dataset/train/choco/190.jpg,[1. 0. 0. 0. 0.]
/kaggle/config/dataset/train/choco/162.jpg,[1. 0. 0. 0. 0.]
/kaggle/config/dataset/train/choco/41.jpg,[1. 0. 0. 0. 0.]
/kaggle/config/dataset/train/choco/9.jpg,[1. 0. 0. 0. 0.]
/kaggle/config/dataset/train/choco/199.jpg,[1. 0. 0. 0. 0.]
/kaggle/config/dataset/train/choco/286.jpg,[1. 0. 0. 0. 0.]
/kaggle/config/dataset/train/choco/79.jpg,[1. 0. 0. 0. 0.]
/kaggle/config/dataset/train/choco/172.jpg,[1. 0. 0. 0. 0.]
/kaggle/config/dataset/train/choco/15.jpg,[1. 0. 0. 0. 0.]
/kaggle/config/dataset/train/choco/48.jpg,[1. 0. 0. 0. 0.]
/kaggle/config/dataset/train/choco/11.jpg,[1. 0. 0. 0. 0.]
/kaggle/config/dataset/train/choco/239.jpg,[1. 0. 0. 0. 0.]
/kaggle/config/dataset/train/choco/241.jpg,[1. 0. 0. 0. 0.]
/kaggle/config/dataset/train/choco/327.jpg,[1. 0. 0. 0. 0.]
/kaggle/config/dataset/train/choco/171.jpg,[1. 0. 0. 0. 0.]
/kaggle/config/dataset/train/choco/102.jpg,[1. 0. 0. 0. 0.]
/kaggle/config/dataset/train/choco/283.jpg,[1. 0. 0. 0. 0.]
/kaggle/config/dataset/train/choco/191.jpg,[1. 0. 0. 0. 0.]
/kaggle/config/dataset/train/choco/349.jpg,[1. 0. 0. 0. 0.]
/kaggle/config/dataset/train/choco/261.jpg,[1. 0. 0. 0. 0.]
/kaggle/config/dataset/train/choco/337.jpg,[1. 0. 0. 0. 0.]
/kaggle/config/dataset/train/choco/332.jpg,[1. 0. 0. 0. 0.]
/kaggle/config/dataset/train/choco/75.jpg,[1. 0. 0. 0. 0.]
/kaggle/config/dataset/train/choco/296.jpg,[1. 0. 0. 0. 0.]
/kaggle/config/dataset/train/choco/237.jpg,[1. 0. 0. 0. 0.]
/kaggle/config/dataset/train/choco/295.jpg,[1. 0. 0. 0. 0.]
/kaggle/config/dataset/train/choco/267.jpg,[1. 0. 0. 0. 0.]
/kaggle/config/dataset/train/choco/157.jpg,[1. 0. 0. 0. 0.]
/kaggle/config/dataset/train/choco/258.jpg,[1. 0. 0. 0. 0.]
/kaggle/config/dataset/train/choco/36.jpg,[1. 0. 0. 0. 0.]
/kaggle/config/dataset/train/choco/357.jpg,[1. 0. 0. 0. 0.]
/kaggle/config/dataset/train/choco/240.jpg,[1. 0. 0. 0. 0.]
/kaggle/config/dataset/train/choco/390.jpg,[1. 0. 0. 0. 0.]
/kaggle/config/dataset/train/choco/248.jpg,[1. 0. 0. 0. 0.]
/kaggle/config/dataset/train/choco/26.jpg,[1. 0. 0. 0. 0.]
/kaggle/config/dataset/train/choco/101.jpg,[1. 0. 0. 0. 0.]
/kaggle/config/dataset/train/choco/275.jpg,[1. 0. 0. 0. 0.]
/kaggle/config/dataset/train/choco/232.jpg,[1. 0. 0. 0. 0.]
/kaggle/config/dataset/train/choco/280.jpg,[1. 0. 0. 0. 0.]
/kaggle/config/dataset/train/choco/24.jpg,[1. 0. 0. 0. 0.]
/kaggle/config/dataset/train/choco/13.jpg,[1. 0. 0. 0. 0.]
/kaggle/config/dataset/train/choco/302.jpg,[1. 0. 0. 0. 0.]
/kaggle/config/dataset/train/choco/192.jpg,[1. 0. 0. 0. 0.]
/kaggle/config/dataset/train/choco/82.jpg,[1. 0. 0. 0. 0.]
/kaggle/config/dataset/train/choco/31.jpg,[1. 0. 0. 0. 0.]
/kaggle/config/dataset/train/choco/20.jpg,[1. 0. 0. 0. 0.]
/kaggle/config/dataset/train/choco/59.jpg,[1. 0. 0. 0. 0.]
/kaggle/config/dataset/train/choco/227.jpg,[1. 0. 0. 0. 0.]
/kaggle/config/dataset/train/choco/395.jpg,[1. 0. 0. 0. 0.]
/kaggle/config/dataset/train/choco/277.jpg,[1. 0. 0. 0. 0.]
/kaggle/config/dataset/train/choco/121.jpg,[1. 0. 0. 0. 0.]
/kaggle/config/dataset/train/choco/211.jpg,[1. 0. 0. 0. 0.]
/kaggle/config/dataset/train/choco/107.jpg,[1. 0. 0. 0. 0.]
/kaggle/config/dataset/train/choco/150.jpg,[1. 0. 0. 0. 0.]
/kaggle/config/dataset/train/choco/72.jpg,[1. 0. 0. 0. 0.]
/kaggle/config/dataset/train/choco/264.jpg,[1. 0. 0. 0. 0.]
/kaggle/config/dataset/train/choco/231.jpg,[1. 0. 0. 0. 0.]
/kaggle/config/dataset/train/choco/52.jpg,[1. 0. 0. 0. 0.]
/kaggle/config/dataset/train/choco/245.jpg,[1. 0. 0. 0. 0.]
/kaggle/config/dataset/train/choco/179.jpg,[1. 0. 0. 0. 0.]
/kaggle/config/dataset/train/choco/202.jpg,[1. 0. 0. 0. 0.]
/kaggle/config/dataset/train/choco/323.jpg,[1. 0. 0. 0. 0.]
/kaggle/config/dataset/train/choco/114.jpg,[1. 0. 0. 0. 0.]
/kaggle/config/dataset/train/choco/328.jpg,[1. 0. 0. 0. 0.]
/kaggle/config/dataset/train/choco/178.jpg,[1. 0. 0. 0. 0.]
/kaggle/config/dataset/train/choco/252.jpg,[1. 0. 0. 0. 0.]
/kaggle/config/dataset/train/choco/6.jpg,[1. 0. 0. 0. 0.]
/kaggle/config/dataset/train/choco/274.jpg,[1. 0. 0. 0. 0.]
/kaggle/config/dataset/train/choco/125.jpg,[1. 0. 0. 0. 0.]
/kaggle/config/dataset/train/choco/220.jpg,[1. 0. 0. 0. 0.]
/kaggle/config/dataset/train/choco/380.jpg,[1. 0. 0. 0. 0.]
/kaggle/config/dataset/train/choco/272.jpg,[1. 0. 0. 0. 0.]
/kaggle/config/dataset/train/choco/95.jpg,[1. 0. 0. 0. 0.]
/kaggle/config/dataset/train/choco/165.jpg,[1. 0. 0. 0. 0.]
/kaggle/config/dataset/train/choco/212.jpg,[1. 0. 0. 0. 0.]
/kaggle/config/dataset/train/choco/366.jpg,[1. 0. 0. 0. 0.]
/kaggle/config/dataset/train/choco/376.jpg,[1. 0. 0. 0. 0.]
/kaggle/config/dataset/train/choco/371.jpg,[1. 0. 0. 0. 0.]
/kaggle/config/dataset/train/choco/0.jpg,[1. 0. 0. 0. 0.]
/kaggle/config/dataset/train/choco/291.jpg,[1. 0. 0. 0. 0.]
/kaggle/config/dataset/train/choco/210.jpg,[1. 0. 0. 0. 0.]
/kaggle/config/dataset/train/choco/200.jpg,[1. 0. 0. 0. 0.]
/kaggle/config/dataset/train/choco/147.jpg,[1. 0. 0. 0. 0.]
/kaggle/config/dataset/train/choco/38.jpg,[1. 0. 0. 0. 0.]
/kaggle/config/dataset/train/choco/170.jpg,[1. 0. 0. 0. 0.]
/kaggle/config/dataset/train/choco/297.jpg,[1. 0. 0. 0. 0.]
/kaggle/config/dataset/train/choco/148.jpg,[1. 0. 0. 0. 0.]
/kaggle/config/dataset/train/choco/144.jpg,[1. 0. 0. 0. 0.]
/kaggle/config/dataset/train/choco/12.jpg,[1. 0. 0. 0. 0.]
/kaggle/config/dataset/train/choco/370.jpg,[1. 0. 0. 0. 0.]
/kaggle/config/dataset/train/choco/341.jpg,[1. 0. 0. 0. 0.]
/kaggle/config/dataset/train/choco/55.jpg,[1. 0. 0. 0. 0.]
/kaggle/config/dataset/train/choco/30.jpg,[1. 0. 0. 0. 0.]
/kaggle/config/dataset/train/choco/299.jpg,[1. 0. 0. 0. 0.]
/kaggle/config/dataset/train/choco/21.jpg,[1. 0. 0. 0. 0.]
/kaggle/config/dataset/train/choco/120.jpg,[1. 0. 0. 0. 0.]
/kaggle/config/dataset/train/choco/160.jpg,[1. 0. 0. 0. 0.]
/kaggle/config/dataset/train/choco/142.jpg,[1. 0. 0. 0. 0.]
/kaggle/config/dataset/train/choco/379.jpg,[1. 0. 0. 0. 0.]
/kaggle/config/dataset/train/choco/93.jpg,[1. 0. 0. 0. 0.]
/kaggle/config/dataset/train/choco/260.jpg,[1. 0. 0. 0. 0.]
/kaggle/config/dataset/train/choco/188.jpg,[1. 0. 0. 0. 0.]
/kaggle/config/dataset/train/choco/284.jpg,[1. 0. 0. 0. 0.]
/kaggle/config/dataset/train/choco/189.jpg,[1. 0. 0. 0. 0.]
/kaggle/config/dataset/train/choco/177.jpg,[1. 0. 0. 0. 0.]
/kaggle/config/dataset/train/choco/105.jpg,[1. 0. 0. 0. 0.]
/kaggle/config/dataset/train/choco/5.jpg,[1. 0. 0. 0. 0.]
/kaggle/config/dataset/train/choco/288.jpg,[1. 0. 0. 0. 0.]
/kaggle/config/dataset/train/choco/279.jpg,[1. 0. 0. 0. 0.]
/kaggle/config/dataset/train/choco/19.jpg,[1. 0. 0. 0. 0.]
/kaggle/config/dataset/train/choco/29.jpg,[1. 0. 0. 0. 0.]
/kaggle/config/dataset/train/choco/78.jpg,[1. 0. 0. 0. 0.]
/kaggle/config/dataset/train/choco/356.jpg,[1. 0. 0. 0. 0.]
/kaggle/config/dataset/train/choco/134.jpg,[1. 0. 0. 0. 0.]
/kaggle/config/dataset/train/choco/196.jpg,[1. 0. 0. 0. 0.]
/kaggle/config/dataset/train/choco/369.jpg,[1. 0. 0. 0. 0.]
/kaggle/config/dataset/train/choco/71.jpg,[1. 0. 0. 0. 0.]
/kaggle/config/dataset/train/choco/94.jpg,[1. 0. 0. 0. 0.]
/kaggle/config/dataset/train/choco/273.jpg,[1. 0. 0. 0. 0.]
/kaggle/config/dataset/train/choco/386.jpg,[1. 0. 0. 0. 0.]
/kaggle/config/dataset/train/choco/35.jpg,[1. 0. 0. 0. 0.]
/kaggle/config/dataset/train/choco/128.jpg,[1. 0. 0. 0. 0.]
/kaggle/config/dataset/train/choco/74.jpg,[1. 0. 0. 0. 0.]
/kaggle/config/dataset/train/choco/53.jpg,[1. 0. 0. 0. 0.]
/kaggle/config/dataset/train/choco/22.jpg,[1. 0. 0. 0. 0.]
/kaggle/config/dataset/train/choco/324.jpg,[1. 0. 0. 0. 0.]
/kaggle/config/dataset/train/choco/285.jpg,[1. 0. 0. 0. 0.]
/kaggle/config/dataset/train/choco/300.jpg,[1. 0. 0. 0. 0.]
/kaggle/config/dataset/train/choco/90.jpg,[1. 0. 0. 0. 0.]
/kaggle/config/dataset/train/choco/315.jpg,[1. 0. 0. 0. 0.]
/kaggle/config/dataset/train/choco/351.jpg,[1. 0. 0. 0. 0.]
/kaggle/config/dataset/train/choco/396.jpg,[1. 0. 0. 0. 0.]
/kaggle/config/dataset/train/choco/333.jpg,[1. 0. 0. 0. 0.]
/kaggle/config/dataset/train/choco/398.jpg,[1. 0. 0. 0. 0.]
/kaggle/config/dataset/train/choco/175.jpg,[1. 0. 0. 0. 0.]
/kaggle/config/dataset/train/choco/4.jpg,[1. 0. 0. 0. 0.]
/kaggle/config/dataset/train/choco/159.jpg,[1. 0. 0. 0. 0.]
/kaggle/config/dataset/train/choco/367.jpg,[1. 0. 0. 0. 0.]
/kaggle/config/dataset/train/choco/181.jpg,[1. 0. 0. 0. 0.]
/kaggle/config/dataset/train/choco/143.jpg,[1. 0. 0. 0. 0.]
/kaggle/config/dataset/train/choco/385.jpg,[1. 0. 0. 0. 0.]
/kaggle/config/dataset/train/choco/152.jpg,[1. 0. 0. 0. 0.]
/kaggle/config/dataset/train/choco/80.jpg,[1. 0. 0. 0. 0.]
/kaggle/config/dataset/train/choco/117.jpg,[1. 0. 0. 0. 0.]
/kaggle/config/dataset/train/choco/156.jpg,[1. 0. 0. 0. 0.]
/kaggle/config/dataset/train/choco/246.jpg,[1. 0. 0. 0. 0.]
/kaggle/config/dataset/train/choco/201.jpg,[1. 0. 0. 0. 0.]
/kaggle/config/dataset/train/choco/307.jpg,[1. 0. 0. 0. 0.]
/kaggle/config/dataset/train/choco/104.jpg,[1. 0. 0. 0. 0.]
/kaggle/config/dataset/train/choco/61.jpg,[1. 0. 0. 0. 0.]
/kaggle/config/dataset/train/choco/108.jpg,[1. 0. 0. 0. 0.]
/kaggle/config/dataset/train/choco/127.jpg,[1. 0. 0. 0. 0.]
/kaggle/config/dataset/train/choco/81.jpg,[1. 0. 0. 0. 0.]
/kaggle/config/dataset/train/choco/393.jpg,[1. 0. 0. 0. 0.]
/kaggle/config/dataset/train/choco/242.jpg,[1. 0. 0. 0. 0.]
/kaggle/config/dataset/train/choco/44.jpg,[1. 0. 0. 0. 0.]
/kaggle/config/dataset/train/choco/164.jpg,[1. 0. 0. 0. 0.]
/kaggle/config/dataset/train/choco/313.jpg,[1. 0. 0. 0. 0.]
/kaggle/config/dataset/train/choco/89.jpg,[1. 0. 0. 0. 0.]
/kaggle/config/dataset/train/choco/316.jpg,[1. 0. 0. 0. 0.]
/kaggle/config/dataset/train/choco/374.jpg,[1. 0. 0. 0. 0.]
/kaggle/config/dataset/train/choco/352.jpg,[1. 0. 0. 0. 0.]
/kaggle/config/dataset/train/choco/249.jpg,[1. 0. 0. 0. 0.]
/kaggle/config/dataset/train/choco/298.jpg,[1. 0. 0. 0. 0.]
/kaggle/config/dataset/train/choco/166.jpg,[1. 0. 0. 0. 0.]
/kaggle/config/dataset/train/choco/167.jpg,[1. 0. 0. 0. 0.]
/kaggle/config/dataset/train/choco/388.jpg,[1. 0. 0. 0. 0.]
/kaggle/config/dataset/train/choco/7.jpg,[1. 0. 0. 0. 0.]
/kaggle/config/dataset/train/choco/281.jpg,[1. 0. 0. 0. 0.]
/kaggle/config/dataset/train/choco/115.jpg,[1. 0. 0. 0. 0.]
/kaggle/config/dataset/train/choco/318.jpg,[1. 0. 0. 0. 0.]
/kaggle/config/dataset/train/choco/228.jpg,[1. 0. 0. 0. 0.]
/kaggle/config/dataset/train/choco/368.jpg,[1. 0. 0. 0. 0.]
/kaggle/config/dataset/train/choco/136.jpg,[1. 0. 0. 0. 0.]
/kaggle/config/dataset/train/choco/345.jpg,[1. 0. 0. 0. 0.]
/kaggle/config/dataset/train/choco/263.jpg,[1. 0. 0. 0. 0.]
/kaggle/config/dataset/train/choco/236.jpg,[1. 0. 0. 0. 0.]
/kaggle/config/dataset/train/choco/145.jpg,[1. 0. 0. 0. 0.]
/kaggle/config/dataset/train/choco/276.jpg,[1. 0. 0. 0. 0.]
/kaggle/config/dataset/train/choco/226.jpg,[1. 0. 0. 0. 0.]
/kaggle/config/dataset/train/choco/221.jpg,[1. 0. 0. 0. 0.]
/kaggle/config/dataset/train/choco/49.jpg,[1. 0. 0. 0. 0.]
/kaggle/config/dataset/train/choco/37.jpg,[1. 0. 0. 0. 0.]
/kaggle/config/dataset/train/choco/34.jpg,[1. 0. 0. 0. 0.]
/kaggle/config/dataset/train/choco/330.jpg,[1. 0. 0. 0. 0.]
/kaggle/config/dataset/train/choco/23.jpg,[1. 0. 0. 0. 0.]
/kaggle/config/dataset/train/choco/204.jpg,[1. 0. 0. 0. 0.]
/kaggle/config/dataset/train/choco/381.jpg,[1. 0. 0. 0. 0.]
/kaggle/config/dataset/train/choco/229.jpg,[1. 0. 0. 0. 0.]
/kaggle/config/dataset/train/choco/10.jpg,[1. 0. 0. 0. 0.]
/kaggle/config/dataset/train/choco/66.jpg,[1. 0. 0. 0. 0.]
/kaggle/config/dataset/train/choco/28.jpg,[1. 0. 0. 0. 0.]
/kaggle/config/dataset/train/choco/207.jpg,[1. 0. 0. 0. 0.]
/kaggle/config/dataset/train/choco/389.jpg,[1. 0. 0. 0. 0.]
/kaggle/config/dataset/train/choco/124.jpg,[1. 0. 0. 0. 0.]
/kaggle/config/dataset/train/choco/218.jpg,[1. 0. 0. 0. 0.]
/kaggle/config/dataset/train/choco/161.jpg,[1. 0. 0. 0. 0.]
/kaggle/config/dataset/train/choco/194.jpg,[1. 0. 0. 0. 0.]
/kaggle/config/dataset/train/choco/137.jpg,[1. 0. 0. 0. 0.]
/kaggle/config/dataset/train/choco/292.jpg,[1. 0. 0. 0. 0.]
/kaggle/config/dataset/train/choco/223.jpg,[1. 0. 0. 0. 0.]
/kaggle/config/dataset/train/choco/112.jpg,[1. 0. 0. 0. 0.]
/kaggle/config/dataset/train/choco/69.jpg,[1. 0. 0. 0. 0.]
/kaggle/config/dataset/train/choco/132.jpg,[1. 0. 0. 0. 0.]
/kaggle/config/dataset/train/choco/100.jpg,[1. 0. 0. 0. 0.]
/kaggle/config/dataset/train/choco/308.jpg,[1. 0. 0. 0. 0.]
/kaggle/config/dataset/train/choco/310.jpg,[1. 0. 0. 0. 0.]
/kaggle/config/dataset/train/choco/320.jpg,[1. 0. 0. 0. 0.]
/kaggle/config/dataset/train/domestos/234.jpg,[0. 1. 0. 0. 0.]
/kaggle/config/dataset/train/domestos/42.jpg,[0. 1. 0. 0. 0.]
/kaggle/config/dataset/train/domestos/303.jpg,[0. 1. 0. 0. 0.]
/kaggle/config/dataset/train/domestos/155.jpg,[0. 1. 0. 0. 0.]
/kaggle/config/dataset/train/domestos/342.jpg,[0. 1. 0. 0. 0.]
/kaggle/config/dataset/train/domestos/309.jpg,[0. 1. 0. 0. 0.]
/kaggle/config/dataset/train/domestos/54.jpg,[0. 1. 0. 0. 0.]
/kaggle/config/dataset/train/domestos/287.jpg,[0. 1. 0. 0. 0.]
/kaggle/config/dataset/train/domestos/378.jpg,[0. 1. 0. 0. 0.]
/kaggle/config/dataset/train/domestos/91.jpg,[0. 1. 0. 0. 0.]
/kaggle/config/dataset/train/domestos/173.jpg,[0. 1. 0. 0. 0.]
/kaggle/config/dataset/train/domestos/217.jpg,[0. 1. 0. 0. 0.]
/kaggle/config/dataset/train/domestos/216.jpg,[0. 1. 0. 0. 0.]
/kaggle/config/dataset/train/domestos/33.jpg,[0. 1. 0. 0. 0.]
/kaggle/config/dataset/train/domestos/184.jpg,[0. 1. 0. 0. 0.]
/kaggle/config/dataset/train/domestos/346.jpg,[0. 1. 0. 0. 0.]
/kaggle/config/dataset/train/domestos/190.jpg,[0. 1. 0. 0. 0.]
/kaggle/config/dataset/train/domestos/162.jpg,[0. 1. 0. 0. 0.]
/kaggle/config/dataset/train/domestos/41.jpg,[0. 1. 0. 0. 0.]
/kaggle/config/dataset/train/domestos/9.jpg,[0. 1. 0. 0. 0.]
/kaggle/config/dataset/train/domestos/199.jpg,[0. 1. 0. 0. 0.]
/kaggle/config/dataset/train/domestos/286.jpg,[0. 1. 0. 0. 0.]
/kaggle/config/dataset/train/domestos/79.jpg,[0. 1. 0. 0. 0.]
/kaggle/config/dataset/train/domestos/172.jpg,[0. 1. 0. 0. 0.]
/kaggle/config/dataset/train/domestos/15.jpg,[0. 1. 0. 0. 0.]
/kaggle/config/dataset/train/domestos/48.jpg,[0. 1. 0. 0. 0.]
/kaggle/config/dataset/train/domestos/11.jpg,[0. 1. 0. 0. 0.]
/kaggle/config/dataset/train/domestos/239.jpg,[0. 1. 0. 0. 0.]
/kaggle/config/dataset/train/domestos/241.jpg,[0. 1. 0. 0. 0.]
/kaggle/config/dataset/train/domestos/327.jpg,[0. 1. 0. 0. 0.]
/kaggle/config/dataset/train/domestos/171.jpg,[0. 1. 0. 0. 0.]
/kaggle/config/dataset/train/domestos/102.jpg,[0. 1. 0. 0. 0.]
/kaggle/config/dataset/train/domestos/283.jpg,[0. 1. 0. 0. 0.]
/kaggle/config/dataset/train/domestos/191.jpg,[0. 1. 0. 0. 0.]
/kaggle/config/dataset/train/domestos/349.jpg,[0. 1. 0. 0. 0.]
/kaggle/config/dataset/train/domestos/261.jpg,[0. 1. 0. 0. 0.]
/kaggle/config/dataset/train/domestos/337.jpg,[0. 1. 0. 0. 0.]
/kaggle/config/dataset/train/domestos/332.jpg,[0. 1. 0. 0. 0.]
/kaggle/config/dataset/train/domestos/75.jpg,[0. 1. 0. 0. 0.]
/kaggle/config/dataset/train/domestos/296.jpg,[0. 1. 0. 0. 0.]
/kaggle/config/dataset/train/domestos/237.jpg,[0. 1. 0. 0. 0.]
/kaggle/config/dataset/train/domestos/295.jpg,[0. 1. 0. 0. 0.]
/kaggle/config/dataset/train/domestos/267.jpg,[0. 1. 0. 0. 0.]
/kaggle/config/dataset/train/domestos/157.jpg,[0. 1. 0. 0. 0.]
/kaggle/config/dataset/train/domestos/258.jpg,[0. 1. 0. 0. 0.]
/kaggle/config/dataset/train/domestos/36.jpg,[0. 1. 0. 0. 0.]
/kaggle/config/dataset/train/domestos/357.jpg,[0. 1. 0. 0. 0.]
/kaggle/config/dataset/train/domestos/240.jpg,[0. 1. 0. 0. 0.]
/kaggle/config/dataset/train/domestos/390.jpg,[0. 1. 0. 0. 0.]
/kaggle/config/dataset/train/domestos/248.jpg,[0. 1. 0. 0. 0.]
/kaggle/config/dataset/train/domestos/26.jpg,[0. 1. 0. 0. 0.]
/kaggle/config/dataset/train/domestos/101.jpg,[0. 1. 0. 0. 0.]
/kaggle/config/dataset/train/domestos/275.jpg,[0. 1. 0. 0. 0.]
/kaggle/config/dataset/train/domestos/232.jpg,[0. 1. 0. 0. 0.]
/kaggle/config/dataset/train/domestos/280.jpg,[0. 1. 0. 0. 0.]
/kaggle/config/dataset/train/domestos/24.jpg,[0. 1. 0. 0. 0.]
/kaggle/config/dataset/train/domestos/13.jpg,[0. 1. 0. 0. 0.]
/kaggle/config/dataset/train/domestos/302.jpg,[0. 1. 0. 0. 0.]
/kaggle/config/dataset/train/domestos/192.jpg,[0. 1. 0. 0. 0.]
/kaggle/config/dataset/train/domestos/82.jpg,[0. 1. 0. 0. 0.]
/kaggle/config/dataset/train/domestos/31.jpg,[0. 1. 0. 0. 0.]
/kaggle/config/dataset/train/domestos/20.jpg,[0. 1. 0. 0. 0.]
/kaggle/config/dataset/train/domestos/59.jpg,[0. 1. 0. 0. 0.]
/kaggle/config/dataset/train/domestos/227.jpg,[0. 1. 0. 0. 0.]
/kaggle/config/dataset/train/domestos/395.jpg,[0. 1. 0. 0. 0.]
/kaggle/config/dataset/train/domestos/277.jpg,[0. 1. 0. 0. 0.]
/kaggle/config/dataset/train/domestos/121.jpg,[0. 1. 0. 0. 0.]
/kaggle/config/dataset/train/domestos/211.jpg,[0. 1. 0. 0. 0.]
/kaggle/config/dataset/train/domestos/107.jpg,[0. 1. 0. 0. 0.]
/kaggle/config/dataset/train/domestos/150.jpg,[0. 1. 0. 0. 0.]
/kaggle/config/dataset/train/domestos/72.jpg,[0. 1. 0. 0. 0.]
/kaggle/config/dataset/train/domestos/264.jpg,[0. 1. 0. 0. 0.]
/kaggle/config/dataset/train/domestos/231.jpg,[0. 1. 0. 0. 0.]
/kaggle/config/dataset/train/domestos/52.jpg,[0. 1. 0. 0. 0.]
/kaggle/config/dataset/train/domestos/245.jpg,[0. 1. 0. 0. 0.]
/kaggle/config/dataset/train/domestos/179.jpg,[0. 1. 0. 0. 0.]
/kaggle/config/dataset/train/domestos/202.jpg,[0. 1. 0. 0. 0.]
/kaggle/config/dataset/train/domestos/323.jpg,[0. 1. 0. 0. 0.]
/kaggle/config/dataset/train/domestos/114.jpg,[0. 1. 0. 0. 0.]
/kaggle/config/dataset/train/domestos/328.jpg,[0. 1. 0. 0. 0.]
/kaggle/config/dataset/train/domestos/178.jpg,[0. 1. 0. 0. 0.]
/kaggle/config/dataset/train/domestos/252.jpg,[0. 1. 0. 0. 0.]
/kaggle/config/dataset/train/domestos/6.jpg,[0. 1. 0. 0. 0.]
/kaggle/config/dataset/train/domestos/274.jpg,[0. 1. 0. 0. 0.]
/kaggle/config/dataset/train/domestos/125.jpg,[0. 1. 0. 0. 0.]
/kaggle/config/dataset/train/domestos/220.jpg,[0. 1. 0. 0. 0.]
/kaggle/config/dataset/train/domestos/380.jpg,[0. 1. 0. 0. 0.]
/kaggle/config/dataset/train/domestos/272.jpg,[0. 1. 0. 0. 0.]
/kaggle/config/dataset/train/domestos/95.jpg,[0. 1. 0. 0. 0.]
/kaggle/config/dataset/train/domestos/165.jpg,[0. 1. 0. 0. 0.]
/kaggle/config/dataset/train/domestos/212.jpg,[0. 1. 0. 0. 0.]
/kaggle/config/dataset/train/domestos/366.jpg,[0. 1. 0. 0. 0.]
/kaggle/config/dataset/train/domestos/376.jpg,[0. 1. 0. 0. 0.]
/kaggle/config/dataset/train/domestos/371.jpg,[0. 1. 0. 0. 0.]
/kaggle/config/dataset/train/domestos/0.jpg,[0. 1. 0. 0. 0.]
/kaggle/config/dataset/train/domestos/291.jpg,[0. 1. 0. 0. 0.]
/kaggle/config/dataset/train/domestos/210.jpg,[0. 1. 0. 0. 0.]
/kaggle/config/dataset/train/domestos/200.jpg,[0. 1. 0. 0. 0.]
/kaggle/config/dataset/train/domestos/147.jpg,[0. 1. 0. 0. 0.]
/kaggle/config/dataset/train/domestos/38.jpg,[0. 1. 0. 0. 0.]
/kaggle/config/dataset/train/domestos/170.jpg,[0. 1. 0. 0. 0.]
/kaggle/config/dataset/train/domestos/297.jpg,[0. 1. 0. 0. 0.]
/kaggle/config/dataset/train/domestos/148.jpg,[0. 1. 0. 0. 0.]
/kaggle/config/dataset/train/domestos/144.jpg,[0. 1. 0. 0. 0.]
/kaggle/config/dataset/train/domestos/12.jpg,[0. 1. 0. 0. 0.]
/kaggle/config/dataset/train/domestos/370.jpg,[0. 1. 0. 0. 0.]
/kaggle/config/dataset/train/domestos/341.jpg,[0. 1. 0. 0. 0.]
/kaggle/config/dataset/train/domestos/55.jpg,[0. 1. 0. 0. 0.]
/kaggle/config/dataset/train/domestos/30.jpg,[0. 1. 0. 0. 0.]
/kaggle/config/dataset/train/domestos/299.jpg,[0. 1. 0. 0. 0.]
/kaggle/config/dataset/train/domestos/21.jpg,[0. 1. 0. 0. 0.]
/kaggle/config/dataset/train/domestos/120.jpg,[0. 1. 0. 0. 0.]
/kaggle/config/dataset/train/domestos/160.jpg,[0. 1. 0. 0. 0.]
/kaggle/config/dataset/train/domestos/142.jpg,[0. 1. 0. 0. 0.]
/kaggle/config/dataset/train/domestos/379.jpg,[0. 1. 0. 0. 0.]
/kaggle/config/dataset/train/domestos/93.jpg,[0. 1. 0. 0. 0.]
/kaggle/config/dataset/train/domestos/260.jpg,[0. 1. 0. 0. 0.]
/kaggle/config/dataset/train/domestos/188.jpg,[0. 1. 0. 0. 0.]
/kaggle/config/dataset/train/domestos/284.jpg,[0. 1. 0. 0. 0.]
/kaggle/config/dataset/train/domestos/189.jpg,[0. 1. 0. 0. 0.]
/kaggle/config/dataset/train/domestos/177.jpg,[0. 1. 0. 0. 0.]
/kaggle/config/dataset/train/domestos/105.jpg,[0. 1. 0. 0. 0.]
/kaggle/config/dataset/train/domestos/5.jpg,[0. 1. 0. 0. 0.]
/kaggle/config/dataset/train/domestos/288.jpg,[0. 1. 0. 0. 0.]
/kaggle/config/dataset/train/domestos/279.jpg,[0. 1. 0. 0. 0.]
/kaggle/config/dataset/train/domestos/19.jpg,[0. 1. 0. 0. 0.]
/kaggle/config/dataset/train/domestos/29.jpg,[0. 1. 0. 0. 0.]
/kaggle/config/dataset/train/domestos/78.jpg,[0. 1. 0. 0. 0.]
/kaggle/config/dataset/train/domestos/356.jpg,[0. 1. 0. 0. 0.]
/kaggle/config/dataset/train/domestos/134.jpg,[0. 1. 0. 0. 0.]
/kaggle/config/dataset/train/domestos/196.jpg,[0. 1. 0. 0. 0.]
/kaggle/config/dataset/train/domestos/369.jpg,[0. 1. 0. 0. 0.]
/kaggle/config/dataset/train/domestos/71.jpg,[0. 1. 0. 0. 0.]
/kaggle/config/dataset/train/domestos/94.jpg,[0. 1. 0. 0. 0.]
/kaggle/config/dataset/train/domestos/273.jpg,[0. 1. 0. 0. 0.]
/kaggle/config/dataset/train/domestos/386.jpg,[0. 1. 0. 0. 0.]
/kaggle/config/dataset/train/domestos/35.jpg,[0. 1. 0. 0. 0.]
/kaggle/config/dataset/train/domestos/128.jpg,[0. 1. 0. 0. 0.]
/kaggle/config/dataset/train/domestos/74.jpg,[0. 1. 0. 0. 0.]
/kaggle/config/dataset/train/domestos/53.jpg,[0. 1. 0. 0. 0.]
/kaggle/config/dataset/train/domestos/22.jpg,[0. 1. 0. 0. 0.]
/kaggle/config/dataset/train/domestos/324.jpg,[0. 1. 0. 0. 0.]
/kaggle/config/dataset/train/domestos/285.jpg,[0. 1. 0. 0. 0.]
/kaggle/config/dataset/train/domestos/300.jpg,[0. 1. 0. 0. 0.]
/kaggle/config/dataset/train/domestos/90.jpg,[0. 1. 0. 0. 0.]
/kaggle/config/dataset/train/domestos/315.jpg,[0. 1. 0. 0. 0.]
/kaggle/config/dataset/train/domestos/351.jpg,[0. 1. 0. 0. 0.]
/kaggle/config/dataset/train/domestos/396.jpg,[0. 1. 0. 0. 0.]
/kaggle/config/dataset/train/domestos/333.jpg,[0. 1. 0. 0. 0.]
/kaggle/config/dataset/train/domestos/398.jpg,[0. 1. 0. 0. 0.]
/kaggle/config/dataset/train/domestos/175.jpg,[0. 1. 0. 0. 0.]
/kaggle/config/dataset/train/domestos/4.jpg,[0. 1. 0. 0. 0.]
/kaggle/config/dataset/train/domestos/159.jpg,[0. 1. 0. 0. 0.]
/kaggle/config/dataset/train/domestos/367.jpg,[0. 1. 0. 0. 0.]
/kaggle/config/dataset/train/domestos/181.jpg,[0. 1. 0. 0. 0.]
/kaggle/config/dataset/train/domestos/143.jpg,[0. 1. 0. 0. 0.]
/kaggle/config/dataset/train/domestos/385.jpg,[0. 1. 0. 0. 0.]
/kaggle/config/dataset/train/domestos/152.jpg,[0. 1. 0. 0. 0.]
/kaggle/config/dataset/train/domestos/80.jpg,[0. 1. 0. 0. 0.]
/kaggle/config/dataset/train/domestos/117.jpg,[0. 1. 0. 0. 0.]
/kaggle/config/dataset/train/domestos/156.jpg,[0. 1. 0. 0. 0.]
/kaggle/config/dataset/train/domestos/246.jpg,[0. 1. 0. 0. 0.]
/kaggle/config/dataset/train/domestos/201.jpg,[0. 1. 0. 0. 0.]
/kaggle/config/dataset/train/domestos/307.jpg,[0. 1. 0. 0. 0.]
/kaggle/config/dataset/train/domestos/104.jpg,[0. 1. 0. 0. 0.]
/kaggle/config/dataset/train/domestos/61.jpg,[0. 1. 0. 0. 0.]
/kaggle/config/dataset/train/domestos/108.jpg,[0. 1. 0. 0. 0.]
/kaggle/config/dataset/train/domestos/127.jpg,[0. 1. 0. 0. 0.]
/kaggle/config/dataset/train/domestos/81.jpg,[0. 1. 0. 0. 0.]
/kaggle/config/dataset/train/domestos/393.jpg,[0. 1. 0. 0. 0.]
/kaggle/config/dataset/train/domestos/242.jpg,[0. 1. 0. 0. 0.]
/kaggle/config/dataset/train/domestos/44.jpg,[0. 1. 0. 0. 0.]
/kaggle/config/dataset/train/domestos/164.jpg,[0. 1. 0. 0. 0.]
/kaggle/config/dataset/train/domestos/313.jpg,[0. 1. 0. 0. 0.]
/kaggle/config/dataset/train/domestos/89.jpg,[0. 1. 0. 0. 0.]
/kaggle/config/dataset/train/domestos/316.jpg,[0. 1. 0. 0. 0.]
/kaggle/config/dataset/train/domestos/374.jpg,[0. 1. 0. 0. 0.]
/kaggle/config/dataset/train/domestos/352.jpg,[0. 1. 0. 0. 0.]
/kaggle/config/dataset/train/domestos/249.jpg,[0. 1. 0. 0. 0.]
/kaggle/config/dataset/train/domestos/298.jpg,[0. 1. 0. 0. 0.]
/kaggle/config/dataset/train/domestos/166.jpg,[0. 1. 0. 0. 0.]
/kaggle/config/dataset/train/domestos/167.jpg,[0. 1. 0. 0. 0.]
/kaggle/config/dataset/train/domestos/388.jpg,[0. 1. 0. 0. 0.]
/kaggle/config/dataset/train/domestos/7.jpg,[0. 1. 0. 0. 0.]
/kaggle/config/dataset/train/domestos/281.jpg,[0. 1. 0. 0. 0.]
/kaggle/config/dataset/train/domestos/115.jpg,[0. 1. 0. 0. 0.]
/kaggle/config/dataset/train/domestos/318.jpg,[0. 1. 0. 0. 0.]
/kaggle/config/dataset/train/domestos/228.jpg,[0. 1. 0. 0. 0.]
/kaggle/config/dataset/train/domestos/368.jpg,[0. 1. 0. 0. 0.]
/kaggle/config/dataset/train/domestos/136.jpg,[0. 1. 0. 0. 0.]
/kaggle/config/dataset/train/domestos/345.jpg,[0. 1. 0. 0. 0.]
/kaggle/config/dataset/train/domestos/263.jpg,[0. 1. 0. 0. 0.]
/kaggle/config/dataset/train/domestos/236.jpg,[0. 1. 0. 0. 0.]
/kaggle/config/dataset/train/domestos/145.jpg,[0. 1. 0. 0. 0.]
/kaggle/config/dataset/train/domestos/276.jpg,[0. 1. 0. 0. 0.]
/kaggle/config/dataset/train/domestos/226.jpg,[0. 1. 0. 0. 0.]
/kaggle/config/dataset/train/domestos/221.jpg,[0. 1. 0. 0. 0.]
/kaggle/config/dataset/train/domestos/49.jpg,[0. 1. 0. 0. 0.]
/kaggle/config/dataset/train/domestos/37.jpg,[0. 1. 0. 0. 0.]
/kaggle/config/dataset/train/domestos/34.jpg,[0. 1. 0. 0. 0.]
/kaggle/config/dataset/train/domestos/330.jpg,[0. 1. 0. 0. 0.]
/kaggle/config/dataset/train/domestos/23.jpg,[0. 1. 0. 0. 0.]
/kaggle/config/dataset/train/domestos/204.jpg,[0. 1. 0. 0. 0.]
/kaggle/config/dataset/train/domestos/381.jpg,[0. 1. 0. 0. 0.]
/kaggle/config/dataset/train/domestos/229.jpg,[0. 1. 0. 0. 0.]
/kaggle/config/dataset/train/domestos/10.jpg,[0. 1. 0. 0. 0.]
/kaggle/config/dataset/train/domestos/66.jpg,[0. 1. 0. 0. 0.]
/kaggle/config/dataset/train/domestos/28.jpg,[0. 1. 0. 0. 0.]
/kaggle/config/dataset/train/domestos/207.jpg,[0. 1. 0. 0. 0.]
/kaggle/config/dataset/train/domestos/389.jpg,[0. 1. 0. 0. 0.]
/kaggle/config/dataset/train/domestos/124.jpg,[0. 1. 0. 0. 0.]
/kaggle/config/dataset/train/domestos/218.jpg,[0. 1. 0. 0. 0.]
/kaggle/config/dataset/train/domestos/161.jpg,[0. 1. 0. 0. 0.]
/kaggle/config/dataset/train/domestos/194.jpg,[0. 1. 0. 0. 0.]
/kaggle/config/dataset/train/domestos/137.jpg,[0. 1. 0. 0. 0.]
/kaggle/config/dataset/train/domestos/292.jpg,[0. 1. 0. 0. 0.]
/kaggle/config/dataset/train/domestos/223.jpg,[0. 1. 0. 0. 0.]
/kaggle/config/dataset/train/domestos/112.jpg,[0. 1. 0. 0. 0.]
/kaggle/config/dataset/train/domestos/69.jpg,[0. 1. 0. 0. 0.]
/kaggle/config/dataset/train/domestos/132.jpg,[0. 1. 0. 0. 0.]
/kaggle/config/dataset/train/domestos/100.jpg,[0. 1. 0. 0. 0.]
/kaggle/config/dataset/train/domestos/308.jpg,[0. 1. 0. 0. 0.]
/kaggle/config/dataset/train/domestos/310.jpg,[0. 1. 0. 0. 0.]
/kaggle/config/dataset/train/domestos/320.jpg,[0. 1. 0. 0. 0.]
/kaggle/config/dataset/train/lays/234.jpg,[0. 0. 1. 0. 0.]
/kaggle/config/dataset/train/lays/42.jpg,[0. 0. 1. 0. 0.]
/kaggle/config/dataset/train/lays/303.jpg,[0. 0. 1. 0. 0.]
/kaggle/config/dataset/train/lays/155.jpg,[0. 0. 1. 0. 0.]
/kaggle/config/dataset/train/lays/342.jpg,[0. 0. 1. 0. 0.]
/kaggle/config/dataset/train/lays/309.jpg,[0. 0. 1. 0. 0.]
/kaggle/config/dataset/train/lays/54.jpg,[0. 0. 1. 0. 0.]
/kaggle/config/dataset/train/lays/287.jpg,[0. 0. 1. 0. 0.]
/kaggle/config/dataset/train/lays/378.jpg,[0. 0. 1. 0. 0.]
/kaggle/config/dataset/train/lays/91.jpg,[0. 0. 1. 0. 0.]
/kaggle/config/dataset/train/lays/173.jpg,[0. 0. 1. 0. 0.]
/kaggle/config/dataset/train/lays/217.jpg,[0. 0. 1. 0. 0.]
/kaggle/config/dataset/train/lays/216.jpg,[0. 0. 1. 0. 0.]
/kaggle/config/dataset/train/lays/33.jpg,[0. 0. 1. 0. 0.]
/kaggle/config/dataset/train/lays/184.jpg,[0. 0. 1. 0. 0.]
/kaggle/config/dataset/train/lays/346.jpg,[0. 0. 1. 0. 0.]
/kaggle/config/dataset/train/lays/190.jpg,[0. 0. 1. 0. 0.]
/kaggle/config/dataset/train/lays/162.jpg,[0. 0. 1. 0. 0.]
/kaggle/config/dataset/train/lays/41.jpg,[0. 0. 1. 0. 0.]
/kaggle/config/dataset/train/lays/9.jpg,[0. 0. 1. 0. 0.]
/kaggle/config/dataset/train/lays/199.jpg,[0. 0. 1. 0. 0.]
/kaggle/config/dataset/train/lays/286.jpg,[0. 0. 1. 0. 0.]
/kaggle/config/dataset/train/lays/79.jpg,[0. 0. 1. 0. 0.]
/kaggle/config/dataset/train/lays/172.jpg,[0. 0. 1. 0. 0.]
/kaggle/config/dataset/train/lays/15.jpg,[0. 0. 1. 0. 0.]
/kaggle/config/dataset/train/lays/48.jpg,[0. 0. 1. 0. 0.]
/kaggle/config/dataset/train/lays/11.jpg,[0. 0. 1. 0. 0.]
/kaggle/config/dataset/train/lays/239.jpg,[0. 0. 1. 0. 0.]
/kaggle/config/dataset/train/lays/241.jpg,[0. 0. 1. 0. 0.]
/kaggle/config/dataset/train/lays/327.jpg,[0. 0. 1. 0. 0.]
/kaggle/config/dataset/train/lays/171.jpg,[0. 0. 1. 0. 0.]
/kaggle/config/dataset/train/lays/102.jpg,[0. 0. 1. 0. 0.]
/kaggle/config/dataset/train/lays/283.jpg,[0. 0. 1. 0. 0.]
/kaggle/config/dataset/train/lays/191.jpg,[0. 0. 1. 0. 0.]
/kaggle/config/dataset/train/lays/349.jpg,[0. 0. 1. 0. 0.]
/kaggle/config/dataset/train/lays/261.jpg,[0. 0. 1. 0. 0.]
/kaggle/config/dataset/train/lays/337.jpg,[0. 0. 1. 0. 0.]
/kaggle/config/dataset/train/lays/332.jpg,[0. 0. 1. 0. 0.]
/kaggle/config/dataset/train/lays/75.jpg,[0. 0. 1. 0. 0.]
/kaggle/config/dataset/train/lays/296.jpg,[0. 0. 1. 0. 0.]
/kaggle/config/dataset/train/lays/237.jpg,[0. 0. 1. 0. 0.]
/kaggle/config/dataset/train/lays/295.jpg,[0. 0. 1. 0. 0.]
/kaggle/config/dataset/train/lays/267.jpg,[0. 0. 1. 0. 0.]
/kaggle/config/dataset/train/lays/157.jpg,[0. 0. 1. 0. 0.]
/kaggle/config/dataset/train/lays/258.jpg,[0. 0. 1. 0. 0.]
/kaggle/config/dataset/train/lays/36.jpg,[0. 0. 1. 0. 0.]
/kaggle/config/dataset/train/lays/357.jpg,[0. 0. 1. 0. 0.]
/kaggle/config/dataset/train/lays/240.jpg,[0. 0. 1. 0. 0.]
/kaggle/config/dataset/train/lays/390.jpg,[0. 0. 1. 0. 0.]
/kaggle/config/dataset/train/lays/248.jpg,[0. 0. 1. 0. 0.]
/kaggle/config/dataset/train/lays/26.jpg,[0. 0. 1. 0. 0.]
/kaggle/config/dataset/train/lays/101.jpg,[0. 0. 1. 0. 0.]
/kaggle/config/dataset/train/lays/275.jpg,[0. 0. 1. 0. 0.]
/kaggle/config/dataset/train/lays/232.jpg,[0. 0. 1. 0. 0.]
/kaggle/config/dataset/train/lays/280.jpg,[0. 0. 1. 0. 0.]
/kaggle/config/dataset/train/lays/24.jpg,[0. 0. 1. 0. 0.]
/kaggle/config/dataset/train/lays/13.jpg,[0. 0. 1. 0. 0.]
/kaggle/config/dataset/train/lays/302.jpg,[0. 0. 1. 0. 0.]
/kaggle/config/dataset/train/lays/192.jpg,[0. 0. 1. 0. 0.]
/kaggle/config/dataset/train/lays/82.jpg,[0. 0. 1. 0. 0.]
/kaggle/config/dataset/train/lays/31.jpg,[0. 0. 1. 0. 0.]
/kaggle/config/dataset/train/lays/20.jpg,[0. 0. 1. 0. 0.]
/kaggle/config/dataset/train/lays/59.jpg,[0. 0. 1. 0. 0.]
/kaggle/config/dataset/train/lays/227.jpg,[0. 0. 1. 0. 0.]
/kaggle/config/dataset/train/lays/395.jpg,[0. 0. 1. 0. 0.]
/kaggle/config/dataset/train/lays/277.jpg,[0. 0. 1. 0. 0.]
/kaggle/config/dataset/train/lays/121.jpg,[0. 0. 1. 0. 0.]
/kaggle/config/dataset/train/lays/211.jpg,[0. 0. 1. 0. 0.]
/kaggle/config/dataset/train/lays/107.jpg,[0. 0. 1. 0. 0.]
/kaggle/config/dataset/train/lays/150.jpg,[0. 0. 1. 0. 0.]
/kaggle/config/dataset/train/lays/72.jpg,[0. 0. 1. 0. 0.]
/kaggle/config/dataset/train/lays/264.jpg,[0. 0. 1. 0. 0.]
/kaggle/config/dataset/train/lays/231.jpg,[0. 0. 1. 0. 0.]
/kaggle/config/dataset/train/lays/52.jpg,[0. 0. 1. 0. 0.]
/kaggle/config/dataset/train/lays/245.jpg,[0. 0. 1. 0. 0.]
/kaggle/config/dataset/train/lays/179.jpg,[0. 0. 1. 0. 0.]
/kaggle/config/dataset/train/lays/202.jpg,[0. 0. 1. 0. 0.]
/kaggle/config/dataset/train/lays/323.jpg,[0. 0. 1. 0. 0.]
/kaggle/config/dataset/train/lays/114.jpg,[0. 0. 1. 0. 0.]
/kaggle/config/dataset/train/lays/328.jpg,[0. 0. 1. 0. 0.]
/kaggle/config/dataset/train/lays/178.jpg,[0. 0. 1. 0. 0.]
/kaggle/config/dataset/train/lays/252.jpg,[0. 0. 1. 0. 0.]
/kaggle/config/dataset/train/lays/6.jpg,[0. 0. 1. 0. 0.]
/kaggle/config/dataset/train/lays/274.jpg,[0. 0. 1. 0. 0.]
/kaggle/config/dataset/train/lays/125.jpg,[0. 0. 1. 0. 0.]
/kaggle/config/dataset/train/lays/220.jpg,[0. 0. 1. 0. 0.]
/kaggle/config/dataset/train/lays/380.jpg,[0. 0. 1. 0. 0.]
/kaggle/config/dataset/train/lays/272.jpg,[0. 0. 1. 0. 0.]
/kaggle/config/dataset/train/lays/95.jpg,[0. 0. 1. 0. 0.]
/kaggle/config/dataset/train/lays/165.jpg,[0. 0. 1. 0. 0.]
/kaggle/config/dataset/train/lays/212.jpg,[0. 0. 1. 0. 0.]
/kaggle/config/dataset/train/lays/366.jpg,[0. 0. 1. 0. 0.]
/kaggle/config/dataset/train/lays/376.jpg,[0. 0. 1. 0. 0.]
/kaggle/config/dataset/train/lays/371.jpg,[0. 0. 1. 0. 0.]
/kaggle/config/dataset/train/lays/0.jpg,[0. 0. 1. 0. 0.]
/kaggle/config/dataset/train/lays/291.jpg,[0. 0. 1. 0. 0.]
/kaggle/config/dataset/train/lays/210.jpg,[0. 0. 1. 0. 0.]
/kaggle/config/dataset/train/lays/200.jpg,[0. 0. 1. 0. 0.]
/kaggle/config/dataset/train/lays/147.jpg,[0. 0. 1. 0. 0.]
/kaggle/config/dataset/train/lays/38.jpg,[0. 0. 1. 0. 0.]
/kaggle/config/dataset/train/lays/170.jpg,[0. 0. 1. 0. 0.]
/kaggle/config/dataset/train/lays/297.jpg,[0. 0. 1. 0. 0.]
/kaggle/config/dataset/train/lays/148.jpg,[0. 0. 1. 0. 0.]
/kaggle/config/dataset/train/lays/144.jpg,[0. 0. 1. 0. 0.]
/kaggle/config/dataset/train/lays/12.jpg,[0. 0. 1. 0. 0.]
/kaggle/config/dataset/train/lays/370.jpg,[0. 0. 1. 0. 0.]
/kaggle/config/dataset/train/lays/341.jpg,[0. 0. 1. 0. 0.]
/kaggle/config/dataset/train/lays/55.jpg,[0. 0. 1. 0. 0.]
/kaggle/config/dataset/train/lays/30.jpg,[0. 0. 1. 0. 0.]
/kaggle/config/dataset/train/lays/299.jpg,[0. 0. 1. 0. 0.]
/kaggle/config/dataset/train/lays/21.jpg,[0. 0. 1. 0. 0.]
/kaggle/config/dataset/train/lays/120.jpg,[0. 0. 1. 0. 0.]
/kaggle/config/dataset/train/lays/160.jpg,[0. 0. 1. 0. 0.]
/kaggle/config/dataset/train/lays/142.jpg,[0. 0. 1. 0. 0.]
/kaggle/config/dataset/train/lays/379.jpg,[0. 0. 1. 0. 0.]
/kaggle/config/dataset/train/lays/93.jpg,[0. 0. 1. 0. 0.]
/kaggle/config/dataset/train/lays/260.jpg,[0. 0. 1. 0. 0.]
/kaggle/config/dataset/train/lays/188.jpg,[0. 0. 1. 0. 0.]
/kaggle/config/dataset/train/lays/284.jpg,[0. 0. 1. 0. 0.]
/kaggle/config/dataset/train/lays/189.jpg,[0. 0. 1. 0. 0.]
/kaggle/config/dataset/train/lays/177.jpg,[0. 0. 1. 0. 0.]
/kaggle/config/dataset/train/lays/105.jpg,[0. 0. 1. 0. 0.]
/kaggle/config/dataset/train/lays/5.jpg,[0. 0. 1. 0. 0.]
/kaggle/config/dataset/train/lays/288.jpg,[0. 0. 1. 0. 0.]
/kaggle/config/dataset/train/lays/279.jpg,[0. 0. 1. 0. 0.]
/kaggle/config/dataset/train/lays/19.jpg,[0. 0. 1. 0. 0.]
/kaggle/config/dataset/train/lays/29.jpg,[0. 0. 1. 0. 0.]
/kaggle/config/dataset/train/lays/78.jpg,[0. 0. 1. 0. 0.]
/kaggle/config/dataset/train/lays/356.jpg,[0. 0. 1. 0. 0.]
/kaggle/config/dataset/train/lays/134.jpg,[0. 0. 1. 0. 0.]
/kaggle/config/dataset/train/lays/196.jpg,[0. 0. 1. 0. 0.]
/kaggle/config/dataset/train/lays/369.jpg,[0. 0. 1. 0. 0.]
/kaggle/config/dataset/train/lays/71.jpg,[0. 0. 1. 0. 0.]
/kaggle/config/dataset/train/lays/94.jpg,[0. 0. 1. 0. 0.]
/kaggle/config/dataset/train/lays/273.jpg,[0. 0. 1. 0. 0.]
/kaggle/config/dataset/train/lays/386.jpg,[0. 0. 1. 0. 0.]
/kaggle/config/dataset/train/lays/35.jpg,[0. 0. 1. 0. 0.]
/kaggle/config/dataset/train/lays/128.jpg,[0. 0. 1. 0. 0.]
/kaggle/config/dataset/train/lays/74.jpg,[0. 0. 1. 0. 0.]
/kaggle/config/dataset/train/lays/53.jpg,[0. 0. 1. 0. 0.]
/kaggle/config/dataset/train/lays/22.jpg,[0. 0. 1. 0. 0.]
/kaggle/config/dataset/train/lays/324.jpg,[0. 0. 1. 0. 0.]
/kaggle/config/dataset/train/lays/285.jpg,[0. 0. 1. 0. 0.]
/kaggle/config/dataset/train/lays/300.jpg,[0. 0. 1. 0. 0.]
/kaggle/config/dataset/train/lays/90.jpg,[0. 0. 1. 0. 0.]
/kaggle/config/dataset/train/lays/315.jpg,[0. 0. 1. 0. 0.]
/kaggle/config/dataset/train/lays/351.jpg,[0. 0. 1. 0. 0.]
/kaggle/config/dataset/train/lays/396.jpg,[0. 0. 1. 0. 0.]
/kaggle/config/dataset/train/lays/333.jpg,[0. 0. 1. 0. 0.]
/kaggle/config/dataset/train/lays/398.jpg,[0. 0. 1. 0. 0.]
/kaggle/config/dataset/train/lays/175.jpg,[0. 0. 1. 0. 0.]
/kaggle/config/dataset/train/lays/4.jpg,[0. 0. 1. 0. 0.]
/kaggle/config/dataset/train/lays/159.jpg,[0. 0. 1. 0. 0.]
/kaggle/config/dataset/train/lays/367.jpg,[0. 0. 1. 0. 0.]
/kaggle/config/dataset/train/lays/181.jpg,[0. 0. 1. 0. 0.]
/kaggle/config/dataset/train/lays/143.jpg,[0. 0. 1. 0. 0.]
/kaggle/config/dataset/train/lays/385.jpg,[0. 0. 1. 0. 0.]
/kaggle/config/dataset/train/lays/152.jpg,[0. 0. 1. 0. 0.]
/kaggle/config/dataset/train/lays/80.jpg,[0. 0. 1. 0. 0.]
/kaggle/config/dataset/train/lays/117.jpg,[0. 0. 1. 0. 0.]
/kaggle/config/dataset/train/lays/156.jpg,[0. 0. 1. 0. 0.]
/kaggle/config/dataset/train/lays/246.jpg,[0. 0. 1. 0. 0.]
/kaggle/config/dataset/train/lays/201.jpg,[0. 0. 1. 0. 0.]
/kaggle/config/dataset/train/lays/307.jpg,[0. 0. 1. 0. 0.]
/kaggle/config/dataset/train/lays/104.jpg,[0. 0. 1. 0. 0.]
/kaggle/config/dataset/train/lays/61.jpg,[0. 0. 1. 0. 0.]
/kaggle/config/dataset/train/lays/108.jpg,[0. 0. 1. 0. 0.]
/kaggle/config/dataset/train/lays/127.jpg,[0. 0. 1. 0. 0.]
/kaggle/config/dataset/train/lays/81.jpg,[0. 0. 1. 0. 0.]
/kaggle/config/dataset/train/lays/393.jpg,[0. 0. 1. 0. 0.]
/kaggle/config/dataset/train/lays/242.jpg,[0. 0. 1. 0. 0.]
/kaggle/config/dataset/train/lays/44.jpg,[0. 0. 1. 0. 0.]
/kaggle/config/dataset/train/lays/164.jpg,[0. 0. 1. 0. 0.]
/kaggle/config/dataset/train/lays/313.jpg,[0. 0. 1. 0. 0.]
/kaggle/config/dataset/train/lays/89.jpg,[0. 0. 1. 0. 0.]
/kaggle/config/dataset/train/lays/316.jpg,[0. 0. 1. 0. 0.]
/kaggle/config/dataset/train/lays/374.jpg,[0. 0. 1. 0. 0.]
/kaggle/config/dataset/train/lays/352.jpg,[0. 0. 1. 0. 0.]
/kaggle/config/dataset/train/lays/249.jpg,[0. 0. 1. 0. 0.]
/kaggle/config/dataset/train/lays/298.jpg,[0. 0. 1. 0. 0.]
/kaggle/config/dataset/train/lays/166.jpg,[0. 0. 1. 0. 0.]
/kaggle/config/dataset/train/lays/167.jpg,[0. 0. 1. 0. 0.]
/kaggle/config/dataset/train/lays/388.jpg,[0. 0. 1. 0. 0.]
/kaggle/config/dataset/train/lays/7.jpg,[0. 0. 1. 0. 0.]
/kaggle/config/dataset/train/lays/281.jpg,[0. 0. 1. 0. 0.]
/kaggle/config/dataset/train/lays/115.jpg,[0. 0. 1. 0. 0.]
/kaggle/config/dataset/train/lays/318.jpg,[0. 0. 1. 0. 0.]
/kaggle/config/dataset/train/lays/228.jpg,[0. 0. 1. 0. 0.]
/kaggle/config/dataset/train/lays/368.jpg,[0. 0. 1. 0. 0.]
/kaggle/config/dataset/train/lays/136.jpg,[0. 0. 1. 0. 0.]
/kaggle/config/dataset/train/lays/345.jpg,[0. 0. 1. 0. 0.]
/kaggle/config/dataset/train/lays/263.jpg,[0. 0. 1. 0. 0.]
/kaggle/config/dataset/train/lays/236.jpg,[0. 0. 1. 0. 0.]
/kaggle/config/dataset/train/lays/145.jpg,[0. 0. 1. 0. 0.]
/kaggle/config/dataset/train/lays/276.jpg,[0. 0. 1. 0. 0.]
/kaggle/config/dataset/train/lays/226.jpg,[0. 0. 1. 0. 0.]
/kaggle/config/dataset/train/lays/221.jpg,[0. 0. 1. 0. 0.]
/kaggle/config/dataset/train/lays/49.jpg,[0. 0. 1. 0. 0.]
/kaggle/config/dataset/train/lays/37.jpg,[0. 0. 1. 0. 0.]
/kaggle/config/dataset/train/lays/34.jpg,[0. 0. 1. 0. 0.]
/kaggle/config/dataset/train/lays/330.jpg,[0. 0. 1. 0. 0.]
/kaggle/config/dataset/train/lays/23.jpg,[0. 0. 1. 0. 0.]
/kaggle/config/dataset/train/lays/204.jpg,[0. 0. 1. 0. 0.]
/kaggle/config/dataset/train/lays/381.jpg,[0. 0. 1. 0. 0.]
/kaggle/config/dataset/train/lays/229.jpg,[0. 0. 1. 0. 0.]
/kaggle/config/dataset/train/lays/10.jpg,[0. 0. 1. 0. 0.]
/kaggle/config/dataset/train/lays/66.jpg,[0. 0. 1. 0. 0.]
/kaggle/config/dataset/train/lays/28.jpg,[0. 0. 1. 0. 0.]
/kaggle/config/dataset/train/lays/207.jpg,[0. 0. 1. 0. 0.]
/kaggle/config/dataset/train/lays/389.jpg,[0. 0. 1. 0. 0.]
/kaggle/config/dataset/train/lays/124.jpg,[0. 0. 1. 0. 0.]
/kaggle/config/dataset/train/lays/218.jpg,[0. 0. 1. 0. 0.]
/kaggle/config/dataset/train/lays/161.jpg,[0. 0. 1. 0. 0.]
/kaggle/config/dataset/train/lays/194.jpg,[0. 0. 1. 0. 0.]
/kaggle/config/dataset/train/lays/137.jpg,[0. 0. 1. 0. 0.]
/kaggle/config/dataset/train/lays/292.jpg,[0. 0. 1. 0. 0.]
/kaggle/config/dataset/train/lays/223.jpg,[0. 0. 1. 0. 0.]
/kaggle/config/dataset/train/lays/112.jpg,[0. 0. 1. 0. 0.]
/kaggle/config/dataset/train/lays/69.jpg,[0. 0. 1. 0. 0.]
/kaggle/config/dataset/train/lays/132.jpg,[0. 0. 1. 0. 0.]
/kaggle/config/dataset/train/lays/100.jpg,[0. 0. 1. 0. 0.]
/kaggle/config/dataset/train/lays/308.jpg,[0. 0. 1. 0. 0.]
/kaggle/config/dataset/train/lays/310.jpg,[0. 0. 1. 0. 0.]
/kaggle/config/dataset/train/lays/320.jpg,[0. 0. 1. 0. 0.]
/kaggle/config/dataset/train/lenor/234.jpg,[0. 0. 0. 1. 0.]
/kaggle/config/dataset/train/lenor/42.jpg,[0. 0. 0. 1. 0.]
/kaggle/config/dataset/train/lenor/303.jpg,[0. 0. 0. 1. 0.]
/kaggle/config/dataset/train/lenor/155.jpg,[0. 0. 0. 1. 0.]
/kaggle/config/dataset/train/lenor/342.jpg,[0. 0. 0. 1. 0.]
/kaggle/config/dataset/train/lenor/309.jpg,[0. 0. 0. 1. 0.]
/kaggle/config/dataset/train/lenor/54.jpg,[0. 0. 0. 1. 0.]
/kaggle/config/dataset/train/lenor/287.jpg,[0. 0. 0. 1. 0.]
/kaggle/config/dataset/train/lenor/378.jpg,[0. 0. 0. 1. 0.]
/kaggle/config/dataset/train/lenor/91.jpg,[0. 0. 0. 1. 0.]
/kaggle/config/dataset/train/lenor/173.jpg,[0. 0. 0. 1. 0.]
/kaggle/config/dataset/train/lenor/217.jpg,[0. 0. 0. 1. 0.]
/kaggle/config/dataset/train/lenor/216.jpg,[0. 0. 0. 1. 0.]
/kaggle/config/dataset/train/lenor/33.jpg,[0. 0. 0. 1. 0.]
/kaggle/config/dataset/train/lenor/184.jpg,[0. 0. 0. 1. 0.]
/kaggle/config/dataset/train/lenor/346.jpg,[0. 0. 0. 1. 0.]
/kaggle/config/dataset/train/lenor/190.jpg,[0. 0. 0. 1. 0.]
/kaggle/config/dataset/train/lenor/162.jpg,[0. 0. 0. 1. 0.]
/kaggle/config/dataset/train/lenor/41.jpg,[0. 0. 0. 1. 0.]
/kaggle/config/dataset/train/lenor/9.jpg,[0. 0. 0. 1. 0.]
/kaggle/config/dataset/train/lenor/199.jpg,[0. 0. 0. 1. 0.]
/kaggle/config/dataset/train/lenor/286.jpg,[0. 0. 0. 1. 0.]
/kaggle/config/dataset/train/lenor/79.jpg,[0. 0. 0. 1. 0.]
/kaggle/config/dataset/train/lenor/172.jpg,[0. 0. 0. 1. 0.]
/kaggle/config/dataset/train/lenor/15.jpg,[0. 0. 0. 1. 0.]
/kaggle/config/dataset/train/lenor/48.jpg,[0. 0. 0. 1. 0.]
/kaggle/config/dataset/train/lenor/11.jpg,[0. 0. 0. 1. 0.]
/kaggle/config/dataset/train/lenor/239.jpg,[0. 0. 0. 1. 0.]
/kaggle/config/dataset/train/lenor/241.jpg,[0. 0. 0. 1. 0.]
/kaggle/config/dataset/train/lenor/327.jpg,[0. 0. 0. 1. 0.]
/kaggle/config/dataset/train/lenor/171.jpg,[0. 0. 0. 1. 0.]
/kaggle/config/dataset/train/lenor/102.jpg,[0. 0. 0. 1. 0.]
/kaggle/config/dataset/train/lenor/283.jpg,[0. 0. 0. 1. 0.]
/kaggle/config/dataset/train/lenor/191.jpg,[0. 0. 0. 1. 0.]
/kaggle/config/dataset/train/lenor/349.jpg,[0. 0. 0. 1. 0.]
/kaggle/config/dataset/train/lenor/261.jpg,[0. 0. 0. 1. 0.]
/kaggle/config/dataset/train/lenor/337.jpg,[0. 0. 0. 1. 0.]
/kaggle/config/dataset/train/lenor/332.jpg,[0. 0. 0. 1. 0.]
/kaggle/config/dataset/train/lenor/75.jpg,[0. 0. 0. 1. 0.]
/kaggle/config/dataset/train/lenor/296.jpg,[0. 0. 0. 1. 0.]
/kaggle/config/dataset/train/lenor/237.jpg,[0. 0. 0. 1. 0.]
/kaggle/config/dataset/train/lenor/295.jpg,[0. 0. 0. 1. 0.]
/kaggle/config/dataset/train/lenor/267.jpg,[0. 0. 0. 1. 0.]
/kaggle/config/dataset/train/lenor/157.jpg,[0. 0. 0. 1. 0.]
/kaggle/config/dataset/train/lenor/258.jpg,[0. 0. 0. 1. 0.]
/kaggle/config/dataset/train/lenor/36.jpg,[0. 0. 0. 1. 0.]
/kaggle/config/dataset/train/lenor/357.jpg,[0. 0. 0. 1. 0.]
/kaggle/config/dataset/train/lenor/240.jpg,[0. 0. 0. 1. 0.]
/kaggle/config/dataset/train/lenor/390.jpg,[0. 0. 0. 1. 0.]
/kaggle/config/dataset/train/lenor/248.jpg,[0. 0. 0. 1. 0.]
/kaggle/config/dataset/train/lenor/26.jpg,[0. 0. 0. 1. 0.]
/kaggle/config/dataset/train/lenor/101.jpg,[0. 0. 0. 1. 0.]
/kaggle/config/dataset/train/lenor/275.jpg,[0. 0. 0. 1. 0.]
/kaggle/config/dataset/train/lenor/232.jpg,[0. 0. 0. 1. 0.]
/kaggle/config/dataset/train/lenor/280.jpg,[0. 0. 0. 1. 0.]
/kaggle/config/dataset/train/lenor/24.jpg,[0. 0. 0. 1. 0.]
/kaggle/config/dataset/train/lenor/13.jpg,[0. 0. 0. 1. 0.]
/kaggle/config/dataset/train/lenor/302.jpg,[0. 0. 0. 1. 0.]
/kaggle/config/dataset/train/lenor/192.jpg,[0. 0. 0. 1. 0.]
/kaggle/config/dataset/train/lenor/82.jpg,[0. 0. 0. 1. 0.]
/kaggle/config/dataset/train/lenor/31.jpg,[0. 0. 0. 1. 0.]
/kaggle/config/dataset/train/lenor/20.jpg,[0. 0. 0. 1. 0.]
/kaggle/config/dataset/train/lenor/59.jpg,[0. 0. 0. 1. 0.]
/kaggle/config/dataset/train/lenor/227.jpg,[0. 0. 0. 1. 0.]
/kaggle/config/dataset/train/lenor/395.jpg,[0. 0. 0. 1. 0.]
/kaggle/config/dataset/train/lenor/277.jpg,[0. 0. 0. 1. 0.]
/kaggle/config/dataset/train/lenor/121.jpg,[0. 0. 0. 1. 0.]
/kaggle/config/dataset/train/lenor/211.jpg,[0. 0. 0. 1. 0.]
/kaggle/config/dataset/train/lenor/107.jpg,[0. 0. 0. 1. 0.]
/kaggle/config/dataset/train/lenor/150.jpg,[0. 0. 0. 1. 0.]
/kaggle/config/dataset/train/lenor/72.jpg,[0. 0. 0. 1. 0.]
/kaggle/config/dataset/train/lenor/264.jpg,[0. 0. 0. 1. 0.]
/kaggle/config/dataset/train/lenor/231.jpg,[0. 0. 0. 1. 0.]
/kaggle/config/dataset/train/lenor/52.jpg,[0. 0. 0. 1. 0.]
/kaggle/config/dataset/train/lenor/245.jpg,[0. 0. 0. 1. 0.]
/kaggle/config/dataset/train/lenor/179.jpg,[0. 0. 0. 1. 0.]
/kaggle/config/dataset/train/lenor/202.jpg,[0. 0. 0. 1. 0.]
/kaggle/config/dataset/train/lenor/323.jpg,[0. 0. 0. 1. 0.]
/kaggle/config/dataset/train/lenor/114.jpg,[0. 0. 0. 1. 0.]
/kaggle/config/dataset/train/lenor/328.jpg,[0. 0. 0. 1. 0.]
/kaggle/config/dataset/train/lenor/178.jpg,[0. 0. 0. 1. 0.]
/kaggle/config/dataset/train/lenor/252.jpg,[0. 0. 0. 1. 0.]
/kaggle/config/dataset/train/lenor/6.jpg,[0. 0. 0. 1. 0.]
/kaggle/config/dataset/train/lenor/274.jpg,[0. 0. 0. 1. 0.]
/kaggle/config/dataset/train/lenor/125.jpg,[0. 0. 0. 1. 0.]
/kaggle/config/dataset/train/lenor/220.jpg,[0. 0. 0. 1. 0.]
/kaggle/config/dataset/train/lenor/380.jpg,[0. 0. 0. 1. 0.]
/kaggle/config/dataset/train/lenor/272.jpg,[0. 0. 0. 1. 0.]
/kaggle/config/dataset/train/lenor/95.jpg,[0. 0. 0. 1. 0.]
/kaggle/config/dataset/train/lenor/165.jpg,[0. 0. 0. 1. 0.]
/kaggle/config/dataset/train/lenor/212.jpg,[0. 0. 0. 1. 0.]
/kaggle/config/dataset/train/lenor/366.jpg,[0. 0. 0. 1. 0.]
/kaggle/config/dataset/train/lenor/376.jpg,[0. 0. 0. 1. 0.]
/kaggle/config/dataset/train/lenor/371.jpg,[0. 0. 0. 1. 0.]
/kaggle/config/dataset/train/lenor/0.jpg,[0. 0. 0. 1. 0.]
/kaggle/config/dataset/train/lenor/291.jpg,[0. 0. 0. 1. 0.]
/kaggle/config/dataset/train/lenor/210.jpg,[0. 0. 0. 1. 0.]
/kaggle/config/dataset/train/lenor/200.jpg,[0. 0. 0. 1. 0.]
/kaggle/config/dataset/train/lenor/147.jpg,[0. 0. 0. 1. 0.]
/kaggle/config/dataset/train/lenor/38.jpg,[0. 0. 0. 1. 0.]
/kaggle/config/dataset/train/lenor/170.jpg,[0. 0. 0. 1. 0.]
/kaggle/config/dataset/train/lenor/297.jpg,[0. 0. 0. 1. 0.]
/kaggle/config/dataset/train/lenor/148.jpg,[0. 0. 0. 1. 0.]
/kaggle/config/dataset/train/lenor/144.jpg,[0. 0. 0. 1. 0.]
/kaggle/config/dataset/train/lenor/12.jpg,[0. 0. 0. 1. 0.]
/kaggle/config/dataset/train/lenor/370.jpg,[0. 0. 0. 1. 0.]
/kaggle/config/dataset/train/lenor/341.jpg,[0. 0. 0. 1. 0.]
/kaggle/config/dataset/train/lenor/55.jpg,[0. 0. 0. 1. 0.]
/kaggle/config/dataset/train/lenor/30.jpg,[0. 0. 0. 1. 0.]
/kaggle/config/dataset/train/lenor/299.jpg,[0. 0. 0. 1. 0.]
/kaggle/config/dataset/train/lenor/21.jpg,[0. 0. 0. 1. 0.]
/kaggle/config/dataset/train/lenor/120.jpg,[0. 0. 0. 1. 0.]
/kaggle/config/dataset/train/lenor/160.jpg,[0. 0. 0. 1. 0.]
/kaggle/config/dataset/train/lenor/142.jpg,[0. 0. 0. 1. 0.]
/kaggle/config/dataset/train/lenor/379.jpg,[0. 0. 0. 1. 0.]
/kaggle/config/dataset/train/lenor/93.jpg,[0. 0. 0. 1. 0.]
/kaggle/config/dataset/train/lenor/260.jpg,[0. 0. 0. 1. 0.]
/kaggle/config/dataset/train/lenor/188.jpg,[0. 0. 0. 1. 0.]
/kaggle/config/dataset/train/lenor/284.jpg,[0. 0. 0. 1. 0.]
/kaggle/config/dataset/train/lenor/189.jpg,[0. 0. 0. 1. 0.]
/kaggle/config/dataset/train/lenor/177.jpg,[0. 0. 0. 1. 0.]
/kaggle/config/dataset/train/lenor/105.jpg,[0. 0. 0. 1. 0.]
/kaggle/config/dataset/train/lenor/5.jpg,[0. 0. 0. 1. 0.]
/kaggle/config/dataset/train/lenor/288.jpg,[0. 0. 0. 1. 0.]
/kaggle/config/dataset/train/lenor/279.jpg,[0. 0. 0. 1. 0.]
/kaggle/config/dataset/train/lenor/19.jpg,[0. 0. 0. 1. 0.]
/kaggle/config/dataset/train/lenor/29.jpg,[0. 0. 0. 1. 0.]
/kaggle/config/dataset/train/lenor/78.jpg,[0. 0. 0. 1. 0.]
/kaggle/config/dataset/train/lenor/356.jpg,[0. 0. 0. 1. 0.]
/kaggle/config/dataset/train/lenor/134.jpg,[0. 0. 0. 1. 0.]
/kaggle/config/dataset/train/lenor/196.jpg,[0. 0. 0. 1. 0.]
/kaggle/config/dataset/train/lenor/369.jpg,[0. 0. 0. 1. 0.]
/kaggle/config/dataset/train/lenor/71.jpg,[0. 0. 0. 1. 0.]
/kaggle/config/dataset/train/lenor/94.jpg,[0. 0. 0. 1. 0.]
/kaggle/config/dataset/train/lenor/273.jpg,[0. 0. 0. 1. 0.]
/kaggle/config/dataset/train/lenor/386.jpg,[0. 0. 0. 1. 0.]
/kaggle/config/dataset/train/lenor/35.jpg,[0. 0. 0. 1. 0.]
/kaggle/config/dataset/train/lenor/128.jpg,[0. 0. 0. 1. 0.]
/kaggle/config/dataset/train/lenor/74.jpg,[0. 0. 0. 1. 0.]
/kaggle/config/dataset/train/lenor/53.jpg,[0. 0. 0. 1. 0.]
/kaggle/config/dataset/train/lenor/22.jpg,[0. 0. 0. 1. 0.]
/kaggle/config/dataset/train/lenor/324.jpg,[0. 0. 0. 1. 0.]
/kaggle/config/dataset/train/lenor/285.jpg,[0. 0. 0. 1. 0.]
/kaggle/config/dataset/train/lenor/300.jpg,[0. 0. 0. 1. 0.]
/kaggle/config/dataset/train/lenor/90.jpg,[0. 0. 0. 1. 0.]
/kaggle/config/dataset/train/lenor/315.jpg,[0. 0. 0. 1. 0.]
/kaggle/config/dataset/train/lenor/351.jpg,[0. 0. 0. 1. 0.]
/kaggle/config/dataset/train/lenor/396.jpg,[0. 0. 0. 1. 0.]
/kaggle/config/dataset/train/lenor/333.jpg,[0. 0. 0. 1. 0.]
/kaggle/config/dataset/train/lenor/398.jpg,[0. 0. 0. 1. 0.]
/kaggle/config/dataset/train/lenor/175.jpg,[0. 0. 0. 1. 0.]
/kaggle/config/dataset/train/lenor/4.jpg,[0. 0. 0. 1. 0.]
/kaggle/config/dataset/train/lenor/159.jpg,[0. 0. 0. 1. 0.]
/kaggle/config/dataset/train/lenor/367.jpg,[0. 0. 0. 1. 0.]
/kaggle/config/dataset/train/lenor/181.jpg,[0. 0. 0. 1. 0.]
/kaggle/config/dataset/train/lenor/143.jpg,[0. 0. 0. 1. 0.]
/kaggle/config/dataset/train/lenor/385.jpg,[0. 0. 0. 1. 0.]
/kaggle/config/dataset/train/lenor/152.jpg,[0. 0. 0. 1. 0.]
/kaggle/config/dataset/train/lenor/80.jpg,[0. 0. 0. 1. 0.]
/kaggle/config/dataset/train/lenor/117.jpg,[0. 0. 0. 1. 0.]
/kaggle/config/dataset/train/lenor/156.jpg,[0. 0. 0. 1. 0.]
/kaggle/config/dataset/train/lenor/246.jpg,[0. 0. 0. 1. 0.]
/kaggle/config/dataset/train/lenor/201.jpg,[0. 0. 0. 1. 0.]
/kaggle/config/dataset/train/lenor/307.jpg,[0. 0. 0. 1. 0.]
/kaggle/config/dataset/train/lenor/104.jpg,[0. 0. 0. 1. 0.]
/kaggle/config/dataset/train/lenor/61.jpg,[0. 0. 0. 1. 0.]
/kaggle/config/dataset/train/lenor/108.jpg,[0. 0. 0. 1. 0.]
/kaggle/config/dataset/train/lenor/127.jpg,[0. 0. 0. 1. 0.]
/kaggle/config/dataset/train/lenor/81.jpg,[0. 0. 0. 1. 0.]
/kaggle/config/dataset/train/lenor/393.jpg,[0. 0. 0. 1. 0.]
/kaggle/config/dataset/train/lenor/242.jpg,[0. 0. 0. 1. 0.]
/kaggle/config/dataset/train/lenor/44.jpg,[0. 0. 0. 1. 0.]
/kaggle/config/dataset/train/lenor/164.jpg,[0. 0. 0. 1. 0.]
/kaggle/config/dataset/train/lenor/313.jpg,[0. 0. 0. 1. 0.]
/kaggle/config/dataset/train/lenor/89.jpg,[0. 0. 0. 1. 0.]
/kaggle/config/dataset/train/lenor/316.jpg,[0. 0. 0. 1. 0.]
/kaggle/config/dataset/train/lenor/374.jpg,[0. 0. 0. 1. 0.]
/kaggle/config/dataset/train/lenor/352.jpg,[0. 0. 0. 1. 0.]
/kaggle/config/dataset/train/lenor/249.jpg,[0. 0. 0. 1. 0.]
/kaggle/config/dataset/train/lenor/298.jpg,[0. 0. 0. 1. 0.]
/kaggle/config/dataset/train/lenor/166.jpg,[0. 0. 0. 1. 0.]
/kaggle/config/dataset/train/lenor/167.jpg,[0. 0. 0. 1. 0.]
/kaggle/config/dataset/train/lenor/388.jpg,[0. 0. 0. 1. 0.]
/kaggle/config/dataset/train/lenor/7.jpg,[0. 0. 0. 1. 0.]
/kaggle/config/dataset/train/lenor/281.jpg,[0. 0. 0. 1. 0.]
/kaggle/config/dataset/train/lenor/115.jpg,[0. 0. 0. 1. 0.]
/kaggle/config/dataset/train/lenor/318.jpg,[0. 0. 0. 1. 0.]
/kaggle/config/dataset/train/lenor/228.jpg,[0. 0. 0. 1. 0.]
/kaggle/config/dataset/train/lenor/368.jpg,[0. 0. 0. 1. 0.]
/kaggle/config/dataset/train/lenor/136.jpg,[0. 0. 0. 1. 0.]
/kaggle/config/dataset/train/lenor/345.jpg,[0. 0. 0. 1. 0.]
/kaggle/config/dataset/train/lenor/263.jpg,[0. 0. 0. 1. 0.]
/kaggle/config/dataset/train/lenor/236.jpg,[0. 0. 0. 1. 0.]
/kaggle/config/dataset/train/lenor/145.jpg,[0. 0. 0. 1. 0.]
/kaggle/config/dataset/train/lenor/276.jpg,[0. 0. 0. 1. 0.]
/kaggle/config/dataset/train/lenor/226.jpg,[0. 0. 0. 1. 0.]
/kaggle/config/dataset/train/lenor/221.jpg,[0. 0. 0. 1. 0.]
/kaggle/config/dataset/train/lenor/49.jpg,[0. 0. 0. 1. 0.]
/kaggle/config/dataset/train/lenor/37.jpg,[0. 0. 0. 1. 0.]
/kaggle/config/dataset/train/lenor/34.jpg,[0. 0. 0. 1. 0.]
/kaggle/config/dataset/train/lenor/330.jpg,[0. 0. 0. 1. 0.]
/kaggle/config/dataset/train/lenor/23.jpg,[0. 0. 0. 1. 0.]
/kaggle/config/dataset/train/lenor/204.jpg,[0. 0. 0. 1. 0.]
/kaggle/config/dataset/train/lenor/381.jpg,[0. 0. 0. 1. 0.]
/kaggle/config/dataset/train/lenor/229.jpg,[0. 0. 0. 1. 0.]
/kaggle/config/dataset/train/lenor/10.jpg,[0. 0. 0. 1. 0.]
/kaggle/config/dataset/train/lenor/66.jpg,[0. 0. 0. 1. 0.]
/kaggle/config/dataset/train/lenor/28.jpg,[0. 0. 0. 1. 0.]
/kaggle/config/dataset/train/lenor/207.jpg,[0. 0. 0. 1. 0.]
/kaggle/config/dataset/train/lenor/389.jpg,[0. 0. 0. 1. 0.]
/kaggle/config/dataset/train/lenor/124.jpg,[0. 0. 0. 1. 0.]
/kaggle/config/dataset/train/lenor/218.jpg,[0. 0. 0. 1. 0.]
/kaggle/config/dataset/train/lenor/161.jpg,[0. 0. 0. 1. 0.]
/kaggle/config/dataset/train/lenor/194.jpg,[0. 0. 0. 1. 0.]
/kaggle/config/dataset/train/lenor/137.jpg,[0. 0. 0. 1. 0.]
/kaggle/config/dataset/train/lenor/292.jpg,[0. 0. 0. 1. 0.]
/kaggle/config/dataset/train/lenor/223.jpg,[0. 0. 0. 1. 0.]
/kaggle/config/dataset/train/lenor/112.jpg,[0. 0. 0. 1. 0.]
/kaggle/config/dataset/train/lenor/69.jpg,[0. 0. 0. 1. 0.]
/kaggle/config/dataset/train/lenor/132.jpg,[0. 0. 0. 1. 0.]
/kaggle/config/dataset/train/lenor/100.jpg,[0. 0. 0. 1. 0.]
/kaggle/config/dataset/train/lenor/308.jpg,[0. 0. 0. 1. 0.]
/kaggle/config/dataset/train/lenor/310.jpg,[0. 0. 0. 1. 0.]
/kaggle/config/dataset/train/lenor/320.jpg,[0. 0. 0. 1. 0.]
/kaggle/config/dataset/train/vanish/234.jpg,[0. 0. 0. 0. 1.]
/kaggle/config/dataset/train/vanish/42.jpg,[0. 0. 0. 0. 1.]
/kaggle/config/dataset/train/vanish/303.jpg,[0. 0. 0. 0. 1.]
/kaggle/config/dataset/train/vanish/155.jpg,[0. 0. 0. 0. 1.]
/kaggle/config/dataset/train/vanish/342.jpg,[0. 0. 0. 0. 1.]
/kaggle/config/dataset/train/vanish/309.jpg,[0. 0. 0. 0. 1.]
/kaggle/config/dataset/train/vanish/54.jpg,[0. 0. 0. 0. 1.]
/kaggle/config/dataset/train/vanish/287.jpg,[0. 0. 0. 0. 1.]
/kaggle/config/dataset/train/vanish/378.jpg,[0. 0. 0. 0. 1.]
/kaggle/config/dataset/train/vanish/91.jpg,[0. 0. 0. 0. 1.]
/kaggle/config/dataset/train/vanish/173.jpg,[0. 0. 0. 0. 1.]
/kaggle/config/dataset/train/vanish/217.jpg,[0. 0. 0. 0. 1.]
/kaggle/config/dataset/train/vanish/216.jpg,[0. 0. 0. 0. 1.]
/kaggle/config/dataset/train/vanish/33.jpg,[0. 0. 0. 0. 1.]
/kaggle/config/dataset/train/vanish/184.jpg,[0. 0. 0. 0. 1.]
/kaggle/config/dataset/train/vanish/346.jpg,[0. 0. 0. 0. 1.]
/kaggle/config/dataset/train/vanish/190.jpg,[0. 0. 0. 0. 1.]
/kaggle/config/dataset/train/vanish/162.jpg,[0. 0. 0. 0. 1.]
/kaggle/config/dataset/train/vanish/41.jpg,[0. 0. 0. 0. 1.]
/kaggle/config/dataset/train/vanish/9.jpg,[0. 0. 0. 0. 1.]
/kaggle/config/dataset/train/vanish/199.jpg,[0. 0. 0. 0. 1.]
/kaggle/config/dataset/train/vanish/286.jpg,[0. 0. 0. 0. 1.]
/kaggle/config/dataset/train/vanish/79.jpg,[0. 0. 0. 0. 1.]
/kaggle/config/dataset/train/vanish/172.jpg,[0. 0. 0. 0. 1.]
/kaggle/config/dataset/train/vanish/15.jpg,[0. 0. 0. 0. 1.]
/kaggle/config/dataset/train/vanish/48.jpg,[0. 0. 0. 0. 1.]
/kaggle/config/dataset/train/vanish/11.jpg,[0. 0. 0. 0. 1.]
/kaggle/config/dataset/train/vanish/239.jpg,[0. 0. 0. 0. 1.]
/kaggle/config/dataset/train/vanish/241.jpg,[0. 0. 0. 0. 1.]
/kaggle/config/dataset/train/vanish/327.jpg,[0. 0. 0. 0. 1.]
/kaggle/config/dataset/train/vanish/171.jpg,[0. 0. 0. 0. 1.]
/kaggle/config/dataset/train/vanish/102.jpg,[0. 0. 0. 0. 1.]
/kaggle/config/dataset/train/vanish/283.jpg,[0. 0. 0. 0. 1.]
/kaggle/config/dataset/train/vanish/191.jpg,[0. 0. 0. 0. 1.]
/kaggle/config/dataset/train/vanish/349.jpg,[0. 0. 0. 0. 1.]
/kaggle/config/dataset/train/vanish/261.jpg,[0. 0. 0. 0. 1.]
/kaggle/config/dataset/train/vanish/337.jpg,[0. 0. 0. 0. 1.]
/kaggle/config/dataset/train/vanish/332.jpg,[0. 0. 0. 0. 1.]
/kaggle/config/dataset/train/vanish/75.jpg,[0. 0. 0. 0. 1.]
/kaggle/config/dataset/train/vanish/296.jpg,[0. 0. 0. 0. 1.]
/kaggle/config/dataset/train/vanish/237.jpg,[0. 0. 0. 0. 1.]
/kaggle/config/dataset/train/vanish/295.jpg,[0. 0. 0. 0. 1.]
/kaggle/config/dataset/train/vanish/267.jpg,[0. 0. 0. 0. 1.]
/kaggle/config/dataset/train/vanish/157.jpg,[0. 0. 0. 0. 1.]
/kaggle/config/dataset/train/vanish/258.jpg,[0. 0. 0. 0. 1.]
/kaggle/config/dataset/train/vanish/36.jpg,[0. 0. 0. 0. 1.]
/kaggle/config/dataset/train/vanish/357.jpg,[0. 0. 0. 0. 1.]
/kaggle/config/dataset/train/vanish/240.jpg,[0. 0. 0. 0. 1.]
/kaggle/config/dataset/train/vanish/390.jpg,[0. 0. 0. 0. 1.]
/kaggle/config/dataset/train/vanish/248.jpg,[0. 0. 0. 0. 1.]
/kaggle/config/dataset/train/vanish/26.jpg,[0. 0. 0. 0. 1.]
/kaggle/config/dataset/train/vanish/101.jpg,[0. 0. 0. 0. 1.]
/kaggle/config/dataset/train/vanish/275.jpg,[0. 0. 0. 0. 1.]
/kaggle/config/dataset/train/vanish/232.jpg,[0. 0. 0. 0. 1.]
/kaggle/config/dataset/train/vanish/280.jpg,[0. 0. 0. 0. 1.]
/kaggle/config/dataset/train/vanish/24.jpg,[0. 0. 0. 0. 1.]
/kaggle/config/dataset/train/vanish/13.jpg,[0. 0. 0. 0. 1.]
/kaggle/config/dataset/train/vanish/302.jpg,[0. 0. 0. 0. 1.]
/kaggle/config/dataset/train/vanish/192.jpg,[0. 0. 0. 0. 1.]
/kaggle/config/dataset/train/vanish/82.jpg,[0. 0. 0. 0. 1.]
/kaggle/config/dataset/train/vanish/31.jpg,[0. 0. 0. 0. 1.]
/kaggle/config/dataset/train/vanish/20.jpg,[0. 0. 0. 0. 1.]
/kaggle/config/dataset/train/vanish/59.jpg,[0. 0. 0. 0. 1.]
/kaggle/config/dataset/train/vanish/227.jpg,[0. 0. 0. 0. 1.]
/kaggle/config/dataset/train/vanish/395.jpg,[0. 0. 0. 0. 1.]
/kaggle/config/dataset/train/vanish/277.jpg,[0. 0. 0. 0. 1.]
/kaggle/config/dataset/train/vanish/121.jpg,[0. 0. 0. 0. 1.]
/kaggle/config/dataset/train/vanish/211.jpg,[0. 0. 0. 0. 1.]
/kaggle/config/dataset/train/vanish/107.jpg,[0. 0. 0. 0. 1.]
/kaggle/config/dataset/train/vanish/150.jpg,[0. 0. 0. 0. 1.]
/kaggle/config/dataset/train/vanish/72.jpg,[0. 0. 0. 0. 1.]
/kaggle/config/dataset/train/vanish/264.jpg,[0. 0. 0. 0. 1.]
/kaggle/config/dataset/train/vanish/231.jpg,[0. 0. 0. 0. 1.]
/kaggle/config/dataset/train/vanish/52.jpg,[0. 0. 0. 0. 1.]
/kaggle/config/dataset/train/vanish/245.jpg,[0. 0. 0. 0. 1.]
/kaggle/config/dataset/train/vanish/179.jpg,[0. 0. 0. 0. 1.]
/kaggle/config/dataset/train/vanish/202.jpg,[0. 0. 0. 0. 1.]
/kaggle/config/dataset/train/vanish/323.jpg,[0. 0. 0. 0. 1.]
/kaggle/config/dataset/train/vanish/114.jpg,[0. 0. 0. 0. 1.]
/kaggle/config/dataset/train/vanish/328.jpg,[0. 0. 0. 0. 1.]
/kaggle/config/dataset/train/vanish/178.jpg,[0. 0. 0. 0. 1.]
/kaggle/config/dataset/train/vanish/252.jpg,[0. 0. 0. 0. 1.]
/kaggle/config/dataset/train/vanish/6.jpg,[0. 0. 0. 0. 1.]
/kaggle/config/dataset/train/vanish/274.jpg,[0. 0. 0. 0. 1.]
/kaggle/config/dataset/train/vanish/125.jpg,[0. 0. 0. 0. 1.]
/kaggle/config/dataset/train/vanish/220.jpg,[0. 0. 0. 0. 1.]
/kaggle/config/dataset/train/vanish/380.jpg,[0. 0. 0. 0. 1.]
/kaggle/config/dataset/train/vanish/272.jpg,[0. 0. 0. 0. 1.]
/kaggle/config/dataset/train/vanish/95.jpg,[0. 0. 0. 0. 1.]
/kaggle/config/dataset/train/vanish/165.jpg,[0. 0. 0. 0. 1.]
/kaggle/config/dataset/train/vanish/212.jpg,[0. 0. 0. 0. 1.]
/kaggle/config/dataset/train/vanish/366.jpg,[0. 0. 0. 0. 1.]
/kaggle/config/dataset/train/vanish/376.jpg,[0. 0. 0. 0. 1.]
/kaggle/config/dataset/train/vanish/371.jpg,[0. 0. 0. 0. 1.]
/kaggle/config/dataset/train/vanish/0.jpg,[0. 0. 0. 0. 1.]
/kaggle/config/dataset/train/vanish/291.jpg,[0. 0. 0. 0. 1.]
/kaggle/config/dataset/train/vanish/210.jpg,[0. 0. 0. 0. 1.]
/kaggle/config/dataset/train/vanish/200.jpg,[0. 0. 0. 0. 1.]
/kaggle/config/dataset/train/vanish/147.jpg,[0. 0. 0. 0. 1.]
/kaggle/config/dataset/train/vanish/38.jpg,[0. 0. 0. 0. 1.]
/kaggle/config/dataset/train/vanish/170.jpg,[0. 0. 0. 0. 1.]
/kaggle/config/dataset/train/vanish/297.jpg,[0. 0. 0. 0. 1.]
/kaggle/config/dataset/train/vanish/148.jpg,[0. 0. 0. 0. 1.]
/kaggle/config/dataset/train/vanish/144.jpg,[0. 0. 0. 0. 1.]
/kaggle/config/dataset/train/vanish/12.jpg,[0. 0. 0. 0. 1.]
/kaggle/config/dataset/train/vanish/370.jpg,[0. 0. 0. 0. 1.]
/kaggle/config/dataset/train/vanish/341.jpg,[0. 0. 0. 0. 1.]
/kaggle/config/dataset/train/vanish/55.jpg,[0. 0. 0. 0. 1.]
/kaggle/config/dataset/train/vanish/30.jpg,[0. 0. 0. 0. 1.]
/kaggle/config/dataset/train/vanish/299.jpg,[0. 0. 0. 0. 1.]
/kaggle/config/dataset/train/vanish/21.jpg,[0. 0. 0. 0. 1.]
/kaggle/config/dataset/train/vanish/120.jpg,[0. 0. 0. 0. 1.]
/kaggle/config/dataset/train/vanish/160.jpg,[0. 0. 0. 0. 1.]
/kaggle/config/dataset/train/vanish/142.jpg,[0. 0. 0. 0. 1.]
/kaggle/config/dataset/train/vanish/379.jpg,[0. 0. 0. 0. 1.]
/kaggle/config/dataset/train/vanish/93.jpg,[0. 0. 0. 0. 1.]
/kaggle/config/dataset/train/vanish/260.jpg,[0. 0. 0. 0. 1.]
/kaggle/config/dataset/train/vanish/188.jpg,[0. 0. 0. 0. 1.]
/kaggle/config/dataset/train/vanish/284.jpg,[0. 0. 0. 0. 1.]
/kaggle/config/dataset/train/vanish/189.jpg,[0. 0. 0. 0. 1.]
/kaggle/config/dataset/train/vanish/177.jpg,[0. 0. 0. 0. 1.]
/kaggle/config/dataset/train/vanish/105.jpg,[0. 0. 0. 0. 1.]
/kaggle/config/dataset/train/vanish/5.jpg,[0. 0. 0. 0. 1.]
/kaggle/config/dataset/train/vanish/288.jpg,[0. 0. 0. 0. 1.]
/kaggle/config/dataset/train/vanish/279.jpg,[0. 0. 0. 0. 1.]
/kaggle/config/dataset/train/vanish/19.jpg,[0. 0. 0. 0. 1.]
/kaggle/config/dataset/train/vanish/29.jpg,[0. 0. 0. 0. 1.]
/kaggle/config/dataset/train/vanish/78.jpg,[0. 0. 0. 0. 1.]
/kaggle/config/dataset/train/vanish/356.jpg,[0. 0. 0. 0. 1.]
/kaggle/config/dataset/train/vanish/134.jpg,[0. 0. 0. 0. 1.]
/kaggle/config/dataset/train/vanish/196.jpg,[0. 0. 0. 0. 1.]
/kaggle/config/dataset/train/vanish/369.jpg,[0. 0. 0. 0. 1.]
/kaggle/config/dataset/train/vanish/71.jpg,[0. 0. 0. 0. 1.]
/kaggle/config/dataset/train/vanish/94.jpg,[0. 0. 0. 0. 1.]
/kaggle/config/dataset/train/vanish/273.jpg,[0. 0. 0. 0. 1.]
/kaggle/config/dataset/train/vanish/386.jpg,[0. 0. 0. 0. 1.]
/kaggle/config/dataset/train/vanish/35.jpg,[0. 0. 0. 0. 1.]
/kaggle/config/dataset/train/vanish/128.jpg,[0. 0. 0. 0. 1.]
/kaggle/config/dataset/train/vanish/74.jpg,[0. 0. 0. 0. 1.]
/kaggle/config/dataset/train/vanish/53.jpg,[0. 0. 0. 0. 1.]
/kaggle/config/dataset/train/vanish/22.jpg,[0. 0. 0. 0. 1.]
/kaggle/config/dataset/train/vanish/324.jpg,[0. 0. 0. 0. 1.]
/kaggle/config/dataset/train/vanish/285.jpg,[0. 0. 0. 0. 1.]
/kaggle/config/dataset/train/vanish/300.jpg,[0. 0. 0. 0. 1.]
/kaggle/config/dataset/train/vanish/90.jpg,[0. 0. 0. 0. 1.]
/kaggle/config/dataset/train/vanish/315.jpg,[0. 0. 0. 0. 1.]
/kaggle/config/dataset/train/vanish/351.jpg,[0. 0. 0. 0. 1.]
/kaggle/config/dataset/train/vanish/396.jpg,[0. 0. 0. 0. 1.]
/kaggle/config/dataset/train/vanish/333.jpg,[0. 0. 0. 0. 1.]
/kaggle/config/dataset/train/vanish/398.jpg,[0. 0. 0. 0. 1.]
/kaggle/config/dataset/train/vanish/175.jpg,[0. 0. 0. 0. 1.]
/kaggle/config/dataset/train/vanish/4.jpg,[0. 0. 0. 0. 1.]
/kaggle/config/dataset/train/vanish/159.jpg,[0. 0. 0. 0. 1.]
/kaggle/config/dataset/train/vanish/367.jpg,[0. 0. 0. 0. 1.]
/kaggle/config/dataset/train/vanish/181.jpg,[0. 0. 0. 0. 1.]
/kaggle/config/dataset/train/vanish/143.jpg,[0. 0. 0. 0. 1.]
/kaggle/config/dataset/train/vanish/385.jpg,[0. 0. 0. 0. 1.]
/kaggle/config/dataset/train/vanish/152.jpg,[0. 0. 0. 0. 1.]
/kaggle/config/dataset/train/vanish/80.jpg,[0. 0. 0. 0. 1.]
/kaggle/config/dataset/train/vanish/117.jpg,[0. 0. 0. 0. 1.]
/kaggle/config/dataset/train/vanish/156.jpg,[0. 0. 0. 0. 1.]
/kaggle/config/dataset/train/vanish/246.jpg,[0. 0. 0. 0. 1.]
/kaggle/config/dataset/train/vanish/201.jpg,[0. 0. 0. 0. 1.]
/kaggle/config/dataset/train/vanish/307.jpg,[0. 0. 0. 0. 1.]
/kaggle/config/dataset/train/vanish/104.jpg,[0. 0. 0. 0. 1.]
/kaggle/config/dataset/train/vanish/61.jpg,[0. 0. 0. 0. 1.]
/kaggle/config/dataset/train/vanish/108.jpg,[0. 0. 0. 0. 1.]
/kaggle/config/dataset/train/vanish/127.jpg,[0. 0. 0. 0. 1.]
/kaggle/config/dataset/train/vanish/81.jpg,[0. 0. 0. 0. 1.]
/kaggle/config/dataset/train/vanish/393.jpg,[0. 0. 0. 0. 1.]
/kaggle/config/dataset/train/vanish/242.jpg,[0. 0. 0. 0. 1.]
/kaggle/config/dataset/train/vanish/44.jpg,[0. 0. 0. 0. 1.]
/kaggle/config/dataset/train/vanish/164.jpg,[0. 0. 0. 0. 1.]
/kaggle/config/dataset/train/vanish/313.jpg,[0. 0. 0. 0. 1.]
/kaggle/config/dataset/train/vanish/89.jpg,[0. 0. 0. 0. 1.]
/kaggle/config/dataset/train/vanish/316.jpg,[0. 0. 0. 0. 1.]
/kaggle/config/dataset/train/vanish/374.jpg,[0. 0. 0. 0. 1.]
/kaggle/config/dataset/train/vanish/352.jpg,[0. 0. 0. 0. 1.]
/kaggle/config/dataset/train/vanish/249.jpg,[0. 0. 0. 0. 1.]
/kaggle/config/dataset/train/vanish/298.jpg,[0. 0. 0. 0. 1.]
/kaggle/config/dataset/train/vanish/166.jpg,[0. 0. 0. 0. 1.]
/kaggle/config/dataset/train/vanish/167.jpg,[0. 0. 0. 0. 1.]
/kaggle/config/dataset/train/vanish/388.jpg,[0. 0. 0. 0. 1.]
/kaggle/config/dataset/train/vanish/7.jpg,[0. 0. 0. 0. 1.]
/kaggle/config/dataset/train/vanish/281.jpg,[0. 0. 0. 0. 1.]
/kaggle/config/dataset/train/vanish/115.jpg,[0. 0. 0. 0. 1.]
/kaggle/config/dataset/train/vanish/318.jpg,[0. 0. 0. 0. 1.]
/kaggle/config/dataset/train/vanish/228.jpg,[0. 0. 0. 0. 1.]
/kaggle/config/dataset/train/vanish/368.jpg,[0. 0. 0. 0. 1.]
/kaggle/config/dataset/train/vanish/136.jpg,[0. 0. 0. 0. 1.]
/kaggle/config/dataset/train/vanish/345.jpg,[0. 0. 0. 0. 1.]
/kaggle/config/dataset/train/vanish/263.jpg,[0. 0. 0. 0. 1.]
/kaggle/config/dataset/train/vanish/236.jpg,[0. 0. 0. 0. 1.]
/kaggle/config/dataset/train/vanish/145.jpg,[0. 0. 0. 0. 1.]
/kaggle/config/dataset/train/vanish/276.jpg,[0. 0. 0. 0. 1.]
/kaggle/config/dataset/train/vanish/226.jpg,[0. 0. 0. 0. 1.]
/kaggle/config/dataset/train/vanish/221.jpg,[0. 0. 0. 0. 1.]
/kaggle/config/dataset/train/vanish/49.jpg,[0. 0. 0. 0. 1.]
/kaggle/config/dataset/train/vanish/37.jpg,[0. 0. 0. 0. 1.]
/kaggle/config/dataset/train/vanish/34.jpg,[0. 0. 0. 0. 1.]
/kaggle/config/dataset/train/vanish/330.jpg,[0. 0. 0. 0. 1.]
/kaggle/config/dataset/train/vanish/23.jpg,[0. 0. 0. 0. 1.]
/kaggle/config/dataset/train/vanish/204.jpg,[0. 0. 0. 0. 1.]
/kaggle/config/dataset/train/vanish/381.jpg,[0. 0. 0. 0. 1.]
/kaggle/config/dataset/train/vanish/229.jpg,[0. 0. 0. 0. 1.]
/kaggle/config/dataset/train/vanish/10.jpg,[0. 0. 0. 0. 1.]
/kaggle/config/dataset/train/vanish/66.jpg,[0. 0. 0. 0. 1.]
/kaggle/config/dataset/train/vanish/28.jpg,[0. 0. 0. 0. 1.]
/kaggle/config/dataset/train/vanish/207.jpg,[0. 0. 0. 0. 1.]
/kaggle/config/dataset/train/vanish/389.jpg,[0. 0. 0. 0. 1.]
/kaggle/config/dataset/train/vanish/124.jpg,[0. 0. 0. 0. 1.]
/kaggle/config/dataset/train/vanish/218.jpg,[0. 0. 0. 0. 1.]
/kaggle/config/dataset/train/vanish/161.jpg,[0. 0. 0. 0. 1.]
/kaggle/config/dataset/train/vanish/194.jpg,[0. 0. 0. 0. 1.]
/kaggle/config/dataset/train/vanish/137.jpg,[0. 0. 0. 0. 1.]
/kaggle/config/dataset/train/vanish/292.jpg,[0. 0. 0. 0. 1.]
/kaggle/config/dataset/train/vanish/223.jpg,[0. 0. 0. 0. 1.]
/kaggle/config/dataset/train/vanish/112.jpg,[0. 0. 0. 0. 1.]
/kaggle/config/dataset/train/vanish/69.jpg,[0. 0. 0. 0. 1.]
/kaggle/config/dataset/train/vanish/132.jpg,[0. 0. 0. 0. 1.]
/kaggle/config/dataset/train/vanish/100.jpg,[0. 0. 0. 0. 1.]
/kaggle/config/dataset/train/vanish/308.jpg,[0. 0. 0. 0. 1.]
/kaggle/config/dataset/train/vanish/310.jpg,[0. 0. 0. 0. 1.]
/kaggle/config/dataset/train/vanish/320.jpg,[0. 0. 0. 0. 1.]
